-- MySQL dump 10.13  Distrib 8.0.20, for Win64 (x86_64)
--
-- Host: 192.168.56.101    Database: test
-- ------------------------------------------------------
-- Server version	5.7.29-0ubuntu0.18.04.1

/*!40101 SET @OLD_CHARACTER_SET_CLIENT=@@CHARACTER_SET_CLIENT */;
/*!40101 SET @OLD_CHARACTER_SET_RESULTS=@@CHARACTER_SET_RESULTS */;
/*!40101 SET @OLD_COLLATION_CONNECTION=@@COLLATION_CONNECTION */;
/*!50503 SET NAMES utf8mb4 */;
/*!40103 SET @OLD_TIME_ZONE=@@TIME_ZONE */;
/*!40103 SET TIME_ZONE='+00:00' */;
/*!40014 SET @OLD_UNIQUE_CHECKS=@@UNIQUE_CHECKS, UNIQUE_CHECKS=0 */;
/*!40014 SET @OLD_FOREIGN_KEY_CHECKS=@@FOREIGN_KEY_CHECKS, FOREIGN_KEY_CHECKS=0 */;
/*!40101 SET @OLD_SQL_MODE=@@SQL_MODE, SQL_MODE='NO_AUTO_VALUE_ON_ZERO' */;
/*!40111 SET @OLD_SQL_NOTES=@@SQL_NOTES, SQL_NOTES=0 */;

--
-- Table structure for table `assets`
--

DROP TABLE IF EXISTS `assets`;
/*!40101 SET @saved_cs_client     = @@character_set_client */;
/*!50503 SET character_set_client = utf8mb4 */;
CREATE TABLE `assets` (
  `assets_id` bigint(20) NOT NULL,
  `dcm_no` varchar(20) DEFAULT NULL,
  `current_assets` bigint(20) DEFAULT '0',
  `non_current_assets` bigint(20) DEFAULT '0',
  `total_assets` bigint(20) DEFAULT '0',
  PRIMARY KEY (`assets_id`),
  KEY `assets_ibfk_1` (`dcm_no`),
  CONSTRAINT `assets_ibfk_1` FOREIGN KEY (`dcm_no`) REFERENCES `state_of_financial_position` (`dcm_no`) ON DELETE CASCADE
) ENGINE=InnoDB DEFAULT CHARSET=utf8;
/*!40101 SET character_set_client = @saved_cs_client */;

--
-- Dumping data for table `assets`
--

LOCK TABLES `assets` WRITE;
/*!40000 ALTER TABLE `assets` DISABLE KEYS */;
INSERT INTO `assets` (`assets_id`, `dcm_no`, `current_assets`, `non_current_assets`, `total_assets`) VALUES (1,'234',448333422946,1390806883536,1839140306482),(2,'235',361061003634,1281545883049,1642606886683),(3,'236',373424257668,1040259825068,1413684082736),(4,'237',426831886559,991678422271,1418510308830),(5,'238',453311847583,904772556638,1358084404221),(6,'239',343810958216,730966727356,1074777685572),(7,'240',350385286372,629232462664,979617749036),(8,'241',275098045185,538454765673,813552810858),(9,'242',292125874840,423101204191,716635241879),(10,'243',508513746868,333369526601,844587128125),(11,'244',210650305081,333819197824,544469502905),(12,'603',7383000000,3310000000,21206593000000),(13,'281',1360416534000,14995470239000,16355886773000),(14,'282',1500027432000,14346802663000,15846830095000),(15,'283',1588906972000,13206283048000,14795190020000),(16,'284',861116049000,12700721692000,13561837741000),(17,'285',1348655958000,13125533694000,14474189652000),(18,'286',649084122000,13859519267000,14508603389000),(19,'287',971188086000,13515506196000,14486694282000),(20,'288',2081152030000,13222582913000,15303734943000),(21,'289',11561037682000,14769930556000,26330968238000),(22,'290',11561037682000,14769930556000,26330968238000),(23,'291',9672695142000,11991055575000,21663750717000),(24,'292',10701519000,11754045000,22455564000),(25,'293',6727863378000,8971550444,15699413822),(26,'294',583836268797,1318635483156,1902471751953),(27,'295',456676262466,1121567354871,1578243617337),(28,'296',539576646702,1120578380536,1660155027238),(29,'60',782375,21752711,22535086),(30,'61',767217,20609451,21376668),(31,'62',832174,19126887,19959061),(32,'63',784945,17595863,18380808),(33,'64',741070,16852013,17593083),(34,'65',687736775234,2489124356007,3176861131241),(35,'66',832896481956,2351197164307,3184093646263),(36,'67',976038990304,2372610311910,3348649302214),(37,'68',929173144664,2167519492122,3096692636786),(38,'69',1339597739623,2284986291452,3624584031075),(39,'70',718843446390,2474373126106,3193216572496),(40,'71',890816000000,1978886000000,2869702000000),(41,'72',663790963143,1539601947286,2203392910429),(42,'73',400993928554,1136760905788,1537754834342),(43,'74',470428000000,942951000000,1413379000000),(44,'75',247842000000,794608000000,1042451000000),(45,'76',304942000000,322543000000,627485000000),(46,'77',205054392150,278334586965,484388979115),(47,'78',253383115649,396750562535,650133678184),(48,'79',-160037203102,-335452232308,495489435410),(49,'80',-84564650215,-276103778989,360668429204),(50,'208',362161698541,649748231780,1011909930321),(51,'209',342478257623,532289681393,874767939016),(52,'210',310805411889,544163827317,854969239206),(53,'211',296798229433,563277447655,860075677088),(54,'212',295050274040,538201540548,833251814588),(55,'213',295067747600,520101292134,815169039734),(56,'214',268441585739,473900853668,742342439407),(57,'215',245315891050,367960662965,613276554015),(58,'216',251037310935,283898531196,534935842131),(59,'143',4058701291039,2517832665449,6576533956488),(60,'144',3860862108168,2317241067064,6178103175232),(61,'145',3344162291213,2334123018078,5678285309291),(62,'146',2871763196992,2448990408114,5320753605106),(63,'147',2731868723692,2553205913975,5285074637667),(64,'148',2385257153827,2331752203924,4717009357751),(65,'149',2248436170340,2355467318378,4603903488718),(66,'150',1824135533054,2182625659048,4006761192102),(67,'151',1616572427361,2120306175365,3736878602726),(68,'152',1629479628470,1821135373454,3450615001924),(69,'153',1231954294823,756201550991,1988155845814),(70,'154',1090391604039,706595773940,1796987377979),(71,'155',1020712737328,579261550708,1599974288036),(72,'156',943261900969,329661809401,1272923710370),(73,'157',730203362000,285818102000,1016021464000),(74,'158',551419262000,222737006000,774156268000),(75,'159',447903061000,241462060000,689365121000),(76,'160',330322000000,253159000000,583481000000),(77,'161',237607000000,347405000000,585012000000),(78,'184',615295000000,1204987000000,1820282000000),(79,'185',484075000000,1157044000000,1641119000000),(80,'186',578321,1077898,1656219),(81,'187',741575000000,897016000000,1638591000000),(82,'188',365903000000,657209000000,1023112000000),(83,'189',438853000000,617865000000,1056718000000),(84,'190',336617000000,425026000000,761643000000),(85,'191',392206000000,407366000000,799572000000),(86,'192',478385000000,422022000000,900407000000),(87,'124',6875484507784,29686341921599,36561826429383),(88,'125',9221284034330,24660499494377,33881783528707),(89,'126',8979471215186,30660955382464,39678100463885),(90,'127',9473378076910,25742852309087,35244765977469),(91,'128',9497079180668,24580993930112,34157943261452),(92,'129',1526662860000,7719319637000,9245982497000),(93,'130',1413560396000,6982080022000,8395640418000),(94,'131',-428937170000,-3179355087000,-3608292257000),(95,'132',-368151175000,-3100438599000,-3468589774000),(96,'133',-407843033000,-3022834509000,-3430677542000),(97,'134',-407843033000,-3022834509000,-3430677542000),(98,'135',-143544000000,-1183676000000,-311606000000),(99,'136',-140156000000,-790508000000,-138191000000),(100,'137',-118812000000,-546196000000,-210388000000),(101,'138',-115105000000,-1007060000000,-1122165000000),(102,'139',1356261664171,4555364847749,5911626511920),(103,'140',1577683715574,4402724932719,5980408648293),(104,'141',620995134851,6562096027727,7183091162578),(105,'142',1461425176461,6071590929883,7533016106344),(106,'163',80039455000000,138981902000000,219021357000000),(107,'164',70155189000000,128086171000000,198241360000000),(108,'165',69981128000000,104821831000000,174802959000000),(109,'166',67002055000000,101967575000000,168969630000000),(110,'167',62054773000000,102005810000000,164060583000000),(111,'168',60603694000000,94222263000000,154825957000000),(112,'169',43952271000000,89311784000000,133264055000000),(113,'170',39496344000000,77961247000000,117457591000000),(114,'171',36243130000000,70935875000000,107179005000000),(115,'172',27173231000000,58850923000000,86024154000000),(116,'173',17790813000000,54728407000000,72519220000000),(117,'174',16621081000000,48604171000000,65225252000000),(118,'175',14644809000000,42940831000000,57809128000000),(119,'176',-14223311000000,-36046280000000,50538770000000),(120,'177',-13958491000000,-29546018000000,43816543000000),(121,'178',-13482409000000,-25720972000000,39203381000000),(122,'179',-12068583000000,-22371017000000,34439600000000),(123,'180',-6755602675000,-21163803667000,27919406342000),(124,'181',-7756441262000,-19138605221000,26895046483000),(125,'182',-6197231279000,-18512571603000,24709802882000),(126,'183',-5968145785000,-14807934808000,-20776080593000),(127,'7200029',880089060690,1397189381509,2277278442199),(128,'6614426',1000648304817,1393020907332,2393669212149),(129,'6035351',1054004680687,1395947993390,2449952674077),(130,'5536720',963349696963,1380030883974,2343380580937),(131,'5020982',922747386032,1409043865776,2331791251808),(132,'4564108',1155428020001,1351173823812,2506601843813),(133,'4117436',1037662022120,1284147539103,2321809561223),(134,'3763765',1056401320346,1191667006022,2248068326368),(135,'3337491',1108597927178,1065300966714,2173898893892),(136,'2966088',1004827800090,942962616985,1947790417075),(137,'2580537',965888385640,726177872009,1692066257649),(138,'2181413',875661297757,688163340683,1563824638440),(139,'7203854',598779000000,3796089000000,4394868000000),(140,'6580893',608323000000,3446400000000,4054723000000),(141,'6117728',514559000000,3306398000000,3820957000000),(142,'5535520',500167000000,3759445000000,4259612000000),(143,'5102576',536397000000,3691798000000,4228195000000),(144,'4675835',855625000000,3583807000000,4439432000000),(145,'4120494',620135000000,4019505000000,4639640000000),(146,'3777491',1147107000000,5505503000000,6652610000000),(147,'3475812',1419959000000,4934091000000,6354050000000),(148,'2969003',1829691000000,3825993000000,5655684000000),(149,'2595911',1886263000000,3105651000000,4991914000000),(150,'2194166',1624821410879,2711461474659,4336282885538),(151,'1927858',1369772810444,1569818271296,2939591081740),(152,'600',148580125934,1042229746373,1190809872307),(153,'601',159313242495,1004359825029,1163673067524),(154,'602',147584934050,0,1138455473054),(155,'297',1365153974401,3146389938378,4511543912779),(156,'298',1555443263459,3020934336251,4576377599710),(157,'299',2135945646515,2675116327045,4811061973560),(158,'263',880761992755,5790825341027,6671587333782),(159,'264',1226980759079,4701611694177,5928592453256),(160,'265',2629855599793,2712498982568,5342354582361),(161,'266',2108036835289,1748453838642,3856490673931),(162,'267',1804796316,1578921333,3383717649),(163,'268',1278051844500,1450392515783,2728444360283),(164,'269',751396075162,1507370919780,2260146994942),(165,'270',1157654570996,1483796323228,2641450894224),(166,'271',904056143665,1080737007975,1984793151640),(167,'272',824191102062,896091131239,1720282233301),(168,'273',676423435842,628461726616,1304885162458),(169,'274',551239531654,451119809915,1002359341569),(170,'275',477949713295,333102182940,811051896235),(171,'276',287640948632,261749971560,549390920192),(172,'277',233565359551,140161556660,373726916211),(173,'278',126030181037,187276631621,313306812658),(174,'279',106197482068,94489226974,200686709042),(175,'280',81043250375,44164621193,125207871568),(176,'118',877869111041,1928184211142,2806053322183),(177,'119',776918289993,1937097284765,2714015574758),(178,'120',724440345726,1985307269136,2709747614862),(179,'121',889370159565,1921058515349,2810428674914),(180,'122',859306289400,1896714353295,2756020642695),(181,'123',848629190742,1847218355834,2695847546576),(182,'307',715664251036,2391901169823,3107565420859),(183,'308',915423083888,2201640716474,3117063800362),(184,'309',930000738538,2274627401368,3204628139906),(185,'310',730013020456,2274845827018,3004858847474),(186,'311',640377088521,2264836196791,2905213285312),(187,'312',548188787964,2226448637749,2774637425713),(188,'313',529084809086,2226339456328,2755424265414),(189,'314',400411893988,2204258643028,2604670537016),(190,'315',567240974436,2199873892495,2767114866931),(191,'316',447529000000,314640000000,762169000000),(192,'317',337201000986,311059609918,648260610904),(193,'318',324543795079,313371815481,637915610560),(194,'319',309271174695,259093585791,568364760486),(195,'320',300192687339,256014176767,556206864106),(196,'103',131262702882,537758581950,669021284832),(197,'104',106710650518,509715677042,616426327560),(198,'105',90172167077,544183238554,634355405631),(199,'106',101742759075,523976012921,625718771996),(200,'107',114262350970,502430226785,616692577755),(201,'108',155190725571,484810623238,640001348809),(202,'109',173762175155,477995460595,651757635750),(203,'110',188075979708,457077154163,645153133871),(204,'111',242584727620,383536839852,626121567472),(205,'112',179085055164,244574133797,423659188961),(206,'113',68136083401,172441115352,240577198753),(207,'258',1380372677498,934849801775,2315222479273),(208,'259',1419793305577,902297918877,2322091224454),(209,'260',1166416892162,840444120737,2006861012899),(210,'261',1026421729135,764881520549,1791303249684),(211,'262',1050141790026,703911680195,1754053470221),(212,'14',4458406,12375873,16834279),(213,'15',4172112,9782985,13955097),(214,'16',3002606,8945616,11948222),(215,'17',2579273,9409851,11989124),(216,'18',2547236,9391988,11939224),(217,'19',2418217,9568123,11986340),(218,'20',2668348,9077776,11746124),(219,'21',2553557,8516524,11070081),(220,'22',2602720,8430260,11032980),(221,'23',2138026000000,6371367000000,8509393000000),(222,'24',1310478650000,2717314258000,4027792908000),(223,'25',1184299230000,2674163447000,3858462677000),(224,'26',1202516000000,2426205000000,3628721000000),(225,'27',1229419999000,2139443373000,3368863372000),(226,'28',1075766550000,2689747002000,3765513552000),(227,'29',820468190000,2586525421000,3406993611000),(228,'30',27128200000000,32550552000000,59766165000000),(229,'31',486521867000,2625135424000,3111657291000),(230,'32',734418791000,2031752450000,2766171241000),(231,'33',443976315000,1815864490000,2259840805000),(232,'34',267868498,1915056588,2182925086),(233,'246',2205438179543,2864687447442,5070125626985),(234,'247',1954918293118,3107898723568,5062817016686),(235,'248',2367691642312,3023517675844,5391209318156),(236,'249',1794497092357,2227659730743,4022156823100),(237,'250',1506662499458,2092090153166,3598752652624),(238,'251',1819614092822,2284905380024,4104519472846),(239,'252',1764039007008,2496246184006,4260285191014),(240,'253',1946684210193,2721633548341,4668317758534),(241,'254',1601188947198,2638876102354,4246930049552),(242,'255',1398611419672,2601490401882,4000101821554),(243,'256',953390712571,1475989463471,2429380176042),(244,'257',453718567308,357846694156,811565261464),(245,'37',772204,1395957,2168161),(246,'38',837125,1307158,2144283),(247,'39',924828,1299079,2223907),(248,'40',821218,1096883,1918101),(249,'41',798771,1087040,1890659),(250,'42',753468,1013488,1781223),(251,'43',793541,889696,1713858),(252,'44',755384,776245,1535955),(253,'45',897085,722712,1641318),(254,'46',697086000000,683301000000,1381484000000),(255,'47',650501000000,578495000000,1228996000000),(256,'1',729996355240,931809358621,1661805713861),(257,'2',843332481738,662856958503,1506189440241),(258,'3',766848078913,693703617277,1460551696190),(259,'4',990842174031,475898810977,1466740985008),(260,'5',870765844917,503653862075,1374419706992),(261,'6',819809189976,599140869074,1418950059050),(262,'7',688486453431,616557413988,1305043867419),(263,'8',600985604114,601464816928,1202450421042),(264,'9',569949090255,582361690006,1152310780261),(265,'10',480746792763,383151047139,863897839902),(266,'11',418077269236,338409554018,756486823254),(267,'12',396753048167,237041071115,633794119282),(268,'13',355809560603,210818273812,566627834415),(269,'245',310244135870,183241158069,493485293939),(270,'7203148',1341111080843,2718652124816,4059763205659),(271,'6787549',1301097944874,2882065078105,4183163022979),(272,'6787622',1265969124036,2777357169594,4043326293630),(273,'5541087',1259167304496,2486560278314,3745727582810),(274,'5017900',1204135323197,2379774142245,3583909465442),(275,'4560241',1263577570594,2273460144229,3537037714823),(276,'4115599',1306539625581,2283335905617,3589875531198),(277,'3710763',1398243507828,2163070579189,3561314087017),(278,'3336672',1437412190597,2141519507775,3578931698372),(279,'2967198',1038720143925,2017453574492,3056173718417),(280,'619',307019951150,699704273716,1006724224866),(281,'620',255765787014,625912802558,881678589572),(282,'621',300291537487,242073341566,542364879053),(283,'622',195958464083,196764980070,392723444153),(284,'623',174013339067,144632237904,318645576971),(285,'624',198389931013,120586992486,318976923499),(286,'625',192894919894,91196357312,284091277206),(287,'7207697',1014030589420,5470330027390,6484360616810),(288,'6618059',1261479760000,4941359118843,6202838878843),(289,'6036390',632508485022,4324369371075,4956877856097),(290,'5542885',511066507579,4318230482255,4829296989834),(291,'5019278',718533480124,2398530549067,3117064029191),(292,'4669554',719078119662,2036752632783,2755830752445),(293,'4116412',294925161899,306622447738,601547609637),(294,'3703838',301260346944,266868903911,568129250855),(295,'3338768',304316205326,211015657735,515331863061),(296,'2952369',235690117485,206906458507,442596575992),(297,'2583041',160170782685,137314414256,297485196941),(298,'2179726',141677251874,141515933309,283193185183),(299,'1868083',87957107839,132917782024,220874889863),(300,'1573014',69996259240,155197496577,225193755817),(301,'1319228',197867090866,150274828211,348141919077),(302,'1087997',118526562522,194556313792,313082876314),(303,'853220',99250751348,112938083865,212188835213),(304,'561597',79469718246,79164927441,158634645687),(305,'346361',60980190619,80627045280,141607235899),(306,'177433',22549790861,69421557877,91971348738),(307,'48478',27250943735,13239360211,40490303946),(308,'7207496',46496465860,368449337084,414945802944),(309,'6824685',72190732381,338085782361,410276514742),(310,'6055609',38470877249,357839606911,396310484160),(311,'5781024',38641197768,342394663557,381035861325),(312,'5781007',49277712746,264889703618,314167416364),(313,'4692159',42312465023,237107242462,279419707485),(314,'4231437',40440763012,235188718065,275629481077),(315,'3711091',19827714178,208017376373,227845090551),(316,'3334723',41736572460,171805651491,213542223951),(317,'2967078',11418167077000,159613136404000,171031303481000),(318,'2589582',8803347351,149239186294,158042533645),(319,'2180751',17610778182,134815931811,152426709993),(320,'1862251',15633322440,126370187001,142003509441),(321,'604',594439350208,351230934908,945670285116),(322,'605',754885223756,163001695065,917886918821),(323,'606',772627624184,177746831778,950374455962),(324,'607',814059767634,142081252366,956141020000),(325,'608',786821142654,145224195608,932045338262),(326,'7206752',250799000000,396231000000,647030000000),(327,'6583853',366091000000,231083000000,597174000000),(328,'6039604',329669000000,231019000000,560688000000),(329,'5541905',108367000000,207420000000,315787000000),(330,'5021306',123497000000,193809000000,317306000000),(331,'4552281',134697000000,353831000000,488528000000),(332,'4229523',110211000000,348042000000,458253000000),(333,'3788045',129025000000,318853000000,447878000000),(334,'2958662',88672403872,246994844279,335667248151),(335,'1046018',-49614840557,-143701223750,193316064307),(336,'809637',-42006851067,-157688436787,199695287854),(337,'579242',-41521027347,-172448131164,213969158511),(338,'373025',-36860383463,-193501632915,230362016378),(339,'177802',-39701159988,-110204733435,149905893423),(340,'634',1177678489,7406227956,8583906445),(341,'635',301875878,7848859720,8150735598),(342,'636',0,7304548399,7750711883),(343,'6840042',3832027287049,1020027973336,4852055260385),(344,'7207050',3223728495590,1183534976842,4407263472432),(345,'637',1280572886616,1905439508895,3186012395511),(346,'638',0,1842048606292,3238850841791),(347,'7191348',643041402742,2488971259760,3132012662502),(348,'6602305',867586288587,2449113402039,3316699690626),(349,'6102778',976313955463,2427101600937,3403415556400),(350,'5524024',818526814398,2461748009065,3280274823463),(351,'5012906',716126225048,2620429747656,3336555972704),(352,'4549292',622300528361,2682345874182,3304646402543),(353,'4231029',665942509187,2732695929452,3398638438639),(354,'3697001',652782686658,2812079836177,3464862522835),(355,'3337958',778902121546,2656790452601,3435692574147),(356,'2961248',250707606761,1105490434380,1356198041141),(357,'2591702',256196068256,1146273195902,1402469264158),(358,'2184020',357415887690,961802891699,1319218779389),(359,'1865008',319863146902,990343337596,1310206484498),(360,'1564425',281588156937,1187515471235,1469103628172),(361,'1317428',997324830441,1531901864102,2529226694543),(362,'1005499',433152897423,482333720036,915486617459),(363,'967854',452139060025,470823587356,922962647381),(364,'734347',272883983020,433270620128,706154603148),(365,'490494',258960987688,1303434042121,1562395029809),(366,'281978',377527771457,1324553906986,1702081678443),(367,'124755',643041402742,2488971259760,3132012662502),(368,'24699',-254402689280,-1695069595592,1949472284872),(369,'626',1796683985637,4272934549458,6069618535095),(370,'627',2029213970981,4255293388422,6284507359403),(371,'628',1849739350300,4166231610841,6015970961141),(372,'629',1874163605200,4094603427125,5968767032325),(373,'630',1711032000726,4198323630722,5909355631448),(374,'631',2466120711986,2645780680355,5111901392341),(375,'632',2288108444944,2367949491708,4656057936652),(376,'633',0,2381300643599,4374940776992),(377,'37746',-48848377741,-1507688166524,1556536544265),(378,'172729',-54941217000,-1491845388000,1546786605000),(379,'343986',84809088000,1601615677000,1686424765000),(380,'560901',164874175907,1120218712745,1285092888652),(381,'799313',-136729707000,-1260425011000,1397154717000),(382,'1023809',-118284934000,-1359898050000,1478182984000),(383,'1317923',-123390680000,-1375455942000,1498846622000),(384,'1555308',10099950000000,11333150000000,21433100000000),(385,'1849446',156756306000,1397049260000,1553805566000),(386,'2167303',185788960112,1928219384235,2114008344347),(387,'2582286',207217047865,2213455064664,2420672112529),(388,'2951573',1125504965034,1470055070243,2595560035277),(389,'3319708',972116409416,1637891508943,2610007918359),(390,'3712086',709005333106,2145216169867,2854221502973),(391,'4117481',678162804417,2149559701079,2827722505496),(392,'4543156',663681019620,2216827054446,2880508074066),(393,'5011003',440747039150,3150001778270,3590748817420),(394,'5521041',710503032893,2775935232424,3486438265317),(395,'6036033',693022869902,3189448489185,3882471359087),(396,'6599141',653186692671,3257903739050,3911090431721),(397,'7191672',733163674579,4853955943999,5587119618578),(398,'7187522',453913554794,452156326245,906069881039),(399,'6798750',455109823071,310735481219,765845304290),(400,'6048249',566196748457,165707562798,731904311255),(401,'5515699',557605411485,172572237871,730177649356),(402,'5004571',494009241597,156509002741,650518244338),(403,'4682199',529154441406,121858716290,651013157696),(404,'4120065',435239322143,127674932142,562914254285),(405,'3696623',346040946379,142500102921,488541049300),(406,'3326448',274909520657,101447267516,376356788173),(407,'2960536',249633700118,85272390025,334906090143),(408,'2591096',253637000000,85009000000,338646000000),(409,'609',1806545883113,13444886220147,15251432103260),(410,'610',1381674241728,12756897481953,14138571723681),(411,'611',1275374262211,13071516821341,14346891083552),(412,'612',1108657734436,12705943541446,13814601275882),(413,'613',998365674605,12249065584313,13247431258918),(414,'614',928555961043,11836382635462,12764938596505),(415,'615',883506200303,11147595022295,0),(416,'616',876406936315,10466646868140,11343053804455),(417,'617',0,9822742122341,10621015792034),(418,'300',19521468000,3124130077000,3143651545000),(419,'301',43553002000,3103790995000,3147343997000),(420,'302',156904919000,3107169114000,3264074033000),(421,'303',18274773000,3337880073000,3356154846000),(422,'82',707747363757,749076477025,1456823840782),(423,'83',659039251034,735386384646,1394425635680),(424,'84',643680009967,707775225145,1351455235112),(425,'85',591035036505,709885277962,1300920314467),(426,'86',598790047627,434124954171,1032915001798),(427,'87',553015795778,436868158945,989883954723),(428,'88',518921958683,440236878366,959158837049),(429,'89',467649056420,440951958227,908601014647),(430,'90',309647203416,552248277237,861895480653),(431,'91',404952255000,415993329000,820945584000),(432,'92',345509325000,377174732000,722684057000),(433,'93',279814768,363744233,643559001),(434,'94',272732672,299899064,572631736),(435,'95',213607594,280956686,494564280),(436,'96',189619178,275308693,464927871),(437,'97',149369008,268888433,418257440),(438,'98',162213223,258569491,420782714),(439,'99',155067560,254022608,409090167),(440,'100',134489139,237368073,371857212),(441,'101',46066643,209451310,255517953),(442,'102',58148573,193723787,251872360),(443,'900',452916343831,559396895105,1012313238936),(444,'901',426246385839,532193386230,958439772069),(445,'902',412417050439,487411775057,899828825496),(446,'903',560895995491,505610163545,1066506159036),(447,'904',519058737535,539970819295,1059029556830),(448,'905',475460131599,602510299607,1077970431206),(449,'906',340229403858,585520463601,925749867459),(450,'7199600',45367758344,553928854722,599296613066),(451,'6610278',41534126017,550115610660,591649736677),(452,'6036951',52738404679,356057847448,408796252127),(453,'5518129',335511466428,369992568401,705504034829),(454,'5017613',316799120916,292891307386,609690428302),(455,'4546260',287592630134,233429005704,521021635838),(456,'7201830',334407169318,416127245324,750534414642),(457,'6607424',302071372060,311641648245,613713020305),(458,'6057726',282477661068,233378441395,515856102463),(459,'5527493',276073986908,155076066870,431150053778),(460,'5022544',156024763244,110127557069,266152320313),(461,'4630180',111859309819,98069612320,209928922139),(462,'7193204',468203530243,312532474896,780736005139),(463,'6616246',389970109029,308179340030,698149449059),(464,'6050402',365751980438,299029425075,664781405513),(465,'5527785',338757339590,302941530855,641698870445),(466,'5023963',288365356022,287921348405,576286704427),(467,'4544624',298435246884,275318862199,573754109083),(468,'4214504',255302621390,266648554026,521951175416),(469,'1861663',512709895000,1684568669000,2197278564000),(470,'2194750',977843423000,2774501945000,3752345368000),(471,'2593357',1108906553000,2919672971000,4028579524000),(472,'2967040',1346862555000,3646878996000,4993741551000),(473,'3337442',1469481375,4612008059,6084055736),(474,'3790109',1360819848,5013313731,6376699881),(475,'4216109',1311811866,4898371997,6216231227),(476,'4673624',1200575907,4931247868,6137783790),(477,'5026368',1191345718,5214548039,6409351926),(478,'5542370',1419258328,5626576990,7049220141),(479,'6039269',1245389570,5953400867,7199609055),(480,'6612758',1455668444,7133331821,8589526374),(481,'7201801',2214168080,7955142190,10677387530),(482,'193',1612955252559,2095612427097,3708567679656),(483,'194',1482507600161,1925650130627,3408157730788),(484,'195',1422315740690,1833003017427,3255318758117),(485,'196',1077422642984,1721361807381,2798784450365),(486,'197',945520442069,1572197031724,2517717473793),(487,'198',697541088843,1401156159835,2098697248678),(488,'199',548633793721,1423980332006,1972614125727),(489,'200',572331414999,1156268518107,1728599933106),(490,'201',275219372893,1130123345321,1405342718214),(491,'202',265887733361,889573213120,1155460946481),(492,'203',86946692779,472256855222,559203548001),(493,'204',77565218753,421698542411,499263761164),(494,'205',27951760464,22200290907,50152051371),(495,'206',22719373282,17954797734,40674171016),(496,'207',16943682385,16664260108,33607942493),(497,'6052691',0,705406737674,1231046501300),(498,'6611119',670057644278,765788326328,1435845970606),(499,'7202425',722518246616,1391683999534,2114202246150),(500,'4692819',639065377716,544709450230,1183774827946),(501,'5021863',785728684835,674471819195,1460200504030),(502,'5554925',839170161402,868378180305,1707548341707),(503,'6051743',399742548725,299993255978,699735804703),(504,'6609311',253609484245,1234236997051,1487846481296),(505,'7197562',248134719491,1240502336813,1488637056304),(506,'217',1363248695076,3586984959833,4950233654909),(507,'218',1074549004391,3604392050517,4678941054908),(508,'219',1239768073241,3546503587648,4786271660889),(509,'220',1701124608413,2917525614209,4618650222622),(510,'221',1484129301539,2490554159000,3974683460539),(511,'222',1170365660586,2330351993712,3500717654298),(512,'223',802570703897,2331295553033,3133866256930),(513,'224',670744815483,2195035936107,2865780751590),(514,'225',637687236951,2014512121219,2652199358170),(515,'226',620089569465,1344034274331,1964123843796),(516,'227',550259652653,1113750476661,1664010129314),(517,'228',445138695171,1010038623259,1455177318430),(518,'229',414182371112,854210348149,1268392719261),(519,'230',386838212160,726699323846,1113537536006),(520,'231',283153817403,165013222300,448167039703),(521,'232',264790918250,141864813805,406655732055),(522,'233',126792939558,94026985743,220819925301);
/*!40000 ALTER TABLE `assets` ENABLE KEYS */;
UNLOCK TABLES;

--
-- Table structure for table `capital`
--

DROP TABLE IF EXISTS `capital`;
/*!40101 SET @saved_cs_client     = @@character_set_client */;
/*!50503 SET character_set_client = utf8mb4 */;
CREATE TABLE `capital` (
  `capital_id` bigint(20) NOT NULL,
  `dcm_no` varchar(20) DEFAULT NULL,
  `equity_capital` bigint(20) DEFAULT '0',
  `capital_contributed_in_excess_of_par` bigint(20) DEFAULT '0',
  `retained_earnings` bigint(20) DEFAULT '0',
  `other_capital_item` bigint(20) DEFAULT '0',
  `total_capital` bigint(20) DEFAULT '0',
  `total_capital_and_liabilities` bigint(20) DEFAULT '0',
  PRIMARY KEY (`capital_id`),
  KEY `capital_ibfk_1` (`dcm_no`),
  CONSTRAINT `capital_ibfk_1` FOREIGN KEY (`dcm_no`) REFERENCES `state_of_financial_position` (`dcm_no`) ON DELETE CASCADE ON UPDATE CASCADE
) ENGINE=InnoDB DEFAULT CHARSET=utf8;
/*!40101 SET character_set_client = @saved_cs_client */;

--
-- Dumping data for table `capital`
--

LOCK TABLES `capital` WRITE;
/*!40000 ALTER TABLE `capital` DISABLE KEYS */;
INSERT INTO `capital` (`capital_id`, `dcm_no`, `equity_capital`, `capital_contributed_in_excess_of_par`, `retained_earnings`, `other_capital_item`, `total_capital`, `total_capital_and_liabilities`) VALUES (1,'234',22155734000,453267231054,462389476494,350865711439,1288678152987,1839140306482),(2,'235',22155734000,453267231054,410940688131,229754262617,1116117915802,1642606886683),(3,'236',22155734000,453267231054,382287668975,49601276737,907311910766,1413684082736),(4,'237',22155734000,453267231054,347264529104,18239791142,840927285300,1418510308830),(5,'238',22155734000,453267231054,290514916467,39887525442,805825406963,1358084404221),(6,'239',22155734000,453267231054,243977058255,-40602979,719359420330,1074777685572),(7,'240',22155734000,453267231054,208815932637,-5034475096,679204422595,979617749036),(8,'241',20405734000,334814957228,167357754492,8309142645,530887588365,813552810858),(9,'242',20405734000,334814957228,124048097307,3823138935,483091927470,716635241879),(10,'243',20405734000,334814957228,225098610686,-31244028377,576868727214,844587128125),(11,'244',20405734000,334814957228,50101623969,-2414034,400641304053,544469502905),(12,'603',3611338000000,14874084000000,623930000000,-631000000,20106265000000,21206593000000),(13,'281',468569950000,0,7882034374000,4726076040000,13076680364000,16355886773000),(14,'282',468569950000,0,7800368291000,4731163961000,13000102202000,15846830095000),(15,'283',468569950000,0,6874224488000,5744179801000,13086974239000,14795190020000),(16,'284',468569950000,0,6018326398000,5723865733000,12210762081000,13561837741000),(17,'285',468569950000,0,6806449252000,5721510020000,12996529222000,14474189652000),(18,'286',468569950000,0,6809241347000,5714502583000,12992313880000,14508603389000),(19,'287',468569950000,0,6975645911000,5727612457000,13171828318000,14486694282000),(20,'288',468569950000,0,7042130540000,5734473751000,13245174241000,15303734943000),(21,'289',468569950000,5872917974000,2495975352000,2102287229000,10796568630000,26330968238000),(22,'290',468569950000,5872917974000,2495975352000,2102287229000,10796568630000,26330968238000),(23,'291',468569950000,5884666616000,1482860407000,111866107000,7745299840000,21663750717000),(24,'292',5876620000,5876619939000,1000371031000,172709385000,7315607065000,22455564204000),(25,'293',463109605,5445510740,344338822,-65182911,6185536582,15699413822),(26,'294',66000330000,188347198411,430985192132,-888883656,684443836887,1902471751953),(27,'295',65192610000,690804742785,12455398785,-1910245430,766542506140,1578243617337),(28,'296',65192610000,657862525577,0,-3119849419,719935286158,1660155027238),(29,'60',15385,3504680,9870812,11685,13402562,22535086),(30,'61',15385,4411253,8743527,-2029,13168136,21376668),(31,'62',15385,4720271,7585590,11455,12332701,19959061),(32,'63',15385,4719052,7183223,8041,11925701,18380808),(33,'64',15385,4719052,6736539,10701,11481677,17593083),(34,'65',10000000000,0,1642876101744,47616019110,1064481845584,3176861131241),(35,'66',10000000000,0,1477147563167,-4611259408,946625679009,3184093646263),(36,'67',10000000000,0,1409618986072,-10651788171,968302887651,3348649302214),(37,'68',10000000000,0,1342200591629,164329251,1122445921140,3096692636786),(38,'69',10000000000,25739916388,1407992812127,-6962467592,1206851261183,3624584031075),(39,'70',10000000000,26096017356,1162629885344,28231660016,1226957562716,3193216572496),(40,'71',10000000000,0,1033893000000,15602000000,1027924000000,4711480000000),(41,'72',10000000000,2709332332,954789974920,-121858155029,845641152223,2203392910429),(42,'73',10000000000,2709332332,741671816240,280514,599303334517,1537754834342),(43,'74',10000000000,0,532393000000,2709000000,487870000000,1413379000000),(44,'75',10000000000,0,341003000000,2709000000,280296000000,1042451000000),(45,'76',10000000000,0,182640000000,2709000000,127435000000,627485000000),(46,'77',10000000000,0,172038161096,0,82116798671,483388979115),(47,'78',10000000000,0,129967501212,2709332332,91903047595,650133678184),(48,'79',-10000000000,0,-89545209483,-2709332332,102254541815,495489435410),(49,'80',-10000000000,0,-35520828186,-2843804052,48364632238,360668429204),(50,'208',35700000000,117407998391,373240982088,-494861827,525854118652,1011909930321),(51,'209',35700000000,117407998391,327790724701,-652460257,480246262835,874767939016),(52,'210',35700000000,118799441869,295568628033,422806586,450490876488,854969239206),(53,'211',35700000000,118799441869,279814641513,-183192351,434130891031,860075677088),(54,'212',35700000000,123627795000,276971733080,-587738435,435711789645,833251814588),(55,'213',35700000000,123627795000,269452240357,-498970289,428281065068,815169039734),(56,'214',35700000000,123627795000,268359704869,-40835033,427646664836,742342439407),(57,'215',35700000000,123627795000,242757946144,-39824025,402045917119,613276554015),(58,'216',35700000000,118227795000,202601870376,5400000000,361929665376,534935842131),(59,'143',38688900000,1297466852618,4336995616953,-190288907016,5482862462555,6576533956488),(60,'144',38688900000,1297466852618,3970871146845,-136378677269,5170648222194,6178103175232),(61,'145',38688900000,1297466852618,3591074679952,-79848518393,4847381914177,5678285309291),(62,'146',38688900000,1297466852618,3279401340557,-103828459387,4511728633788,5320753605106),(63,'147',38688900000,1297466852618,3075651418853,-144602253561,4267204917910,5285074637667),(64,'148',38688900000,1297466852618,2764075112137,-215940705103,3884290159652,4717009357751),(65,'149',38688900000,1297466852618,2472732302229,-134816784833,3674071270014,4603903488718),(66,'150',36128386000,893653310706,2247929220541,-54297980893,3123412936354,4006761192102),(67,'151',36128386000,893653310706,1897565187870,7865580664,2835212465240,3736878602726),(68,'152',36128386000,893653310706,1633790387677,20209343330,2583781427713,3450615001924),(69,'153',28155895000,4406534925,1357731382969,20704781728,1409258715519,1988155845814),(70,'154',28155895000,4994538889,1106544137429,23942358176,1162532378509,1796987377979),(71,'155',28155895000,2272892018,887653951250,35304555326,953387293594,1599974288036),(72,'156',28155895000,2272892018,672737681496,0,712052778325,1272923710370),(73,'157',28155895000,2272892000,457505506000,0,484390078000,1016021464000),(74,'158',28155895000,2272892000,308612481000,0,332641815000,774156268000),(75,'159',28155895000,2272892000,231436947000,0,267128723000,689365121000),(76,'160',28156000000,2273000000,169179000000,0,210955000000,583481000000),(77,'161',22795000000,0,162326000000,0,205565000000,585012000000),(78,'184',53299000000,4831000000,188661000000,-47345000000,1054845000000,1820282000000),(79,'185',53299000000,9875000000,186718000000,-47345000000,1057946000000,1641119000000),(80,'186',53299,23599,172942,-47369,1057864,1656219),(81,'187',53299000000,19962000000,162717000000,-47369000000,1044002000000,1638591000000),(82,'188',31506000000,5266000000,87190000000,-1514000000,603135000000,1023112000000),(83,'189',31507000000,7338000000,58887000000,-1512000000,576907000000,1056718000000),(84,'190',23636000000,1043000000,38457000000,-11063000000,433051000000,761643000000),(85,'191',22133000000,835000000,17742000000,-11063000000,410016000000,799572000000),(86,'192',22133000000,865000000,475000000,-24000000,403818000000,900407000000),(87,'124',19131748300,10039470209970,6382773770044,6117366824819,22558742553133,36561826429383),(88,'125',19131748300,10039470209970,6232107021020,2606570472460,18897279451750,33881783528707),(89,'126',19131748300,10039470209970,5544820457501,6424061042493,22027483458264,39678100463885),(90,'127',19131748300,10039470209970,5193849801010,2689844409155,17942296168435,35244765977469),(91,'128',19131748300,10039654271660,4872957398085,1366119158537,16297862576582,34157943261452),(92,'129',13500000000,-117545778000,2521723959000,2902957687000,5320635868000,9245982497000),(93,'130',12500000000,-641133045000,2103695781000,2537636585000,4012699321000,8395640418000),(94,'131',-12500000000,-274917539000,-757048787000,-51697275000,-1787389955000,-3608292257000),(95,'132',-12500000000,-274917539000,-649895220000,-719690008000,-1657002767000,-3468589774000),(96,'133',-12500000000,-274917539000,-557150277000,-977245730000,-1821813546000,-3430677542000),(97,'134',-12500000000,-274917539000,-557150277000,-977245730000,-1821813546000,-3430677542000),(98,'135',-274918000000,50977000000,339967000000,1223188000000,-2102000000,-14602000000),(99,'136',-274918000000,50977000000,204964000000,-886484000000,12500000000,0),(100,'137',-294999000000,50977000000,144529000000,-672375000000,12500000000,0),(101,'138',-12500000000,-294999000000,-96560000000,-2857000000,401202000000,1122165000000),(102,'139',165412500000,2487313082024,1712622929298,-10894765956,4354453745366,5911626511920),(103,'140',165412500000,2487313082024,1509718830210,-6975961086,4155468451148,5980408648293),(104,'141',165412500000,2487313082024,1327734757202,-4009446865,3976450892361,7183091162578),(105,'142',165412500000,2487313082024,1424706873013,4947004536,4082379459573,7533016106344),(106,'163',897514000000,4403893000000,166555532000000,1131186000000,172988125000000,219021357000000),(107,'164',897514000000,4403893000000,150928724000000,-4660356000000,151569775000000,198241360000000),(108,'165',897514000000,4403893000000,140747574000000,-8502219000000,137546762000000,174802959000000),(109,'166',897514000000,4403893000000,143629177000000,-12526126000000,136428255000000,168969630000000),(110,'167',897514000000,4403893000000,134464189000000,-7113271000000,132677075000000,164060583000000),(111,'168',897514000000,4403893000000,122029419000000,-4960059000000,122370767000000,154825957000000),(112,'169',897514000000,4403893000000,105306520000000,-4720058000000,105887869000000,133264055000000),(113,'170',897514000000,4403893000000,88667500000000,-5066414000000,88902493000000,117457591000000),(114,'171',897514000000,4403893000000,79462825000000,-4797062000000,79967170000000,107179005000000),(115,'172',897514000000,6651855000000,64256591000000,-8255659000000,66824711000000,86024154000000),(116,'173',897514000000,6589580000000,55416052000000,8597013000000,58113490000000,72519220000000),(117,'174',897514000000,6363533000000,50962677000000,2019195000000,51560624000000,65225252000000),(118,'175',897514000000,6367244000000,44460189000000,-6464350000000,45260597000000,57809128000000),(119,'176',-897514000000,-6365315000000,-37365892000000,4972111000000,39656610000000,50538770000000),(120,'177',-897514000000,4403893000000,-30575041000000,3363812000000,34440409000000,43816543000000),(121,'178',-895241000000,-6218818000000,-24409709000000,2109293000000,29414475000000,39203381000000),(122,'179',-889147000000,-5924907000000,-20320719000000,1995832000000,25138941000000,34439600000000),(123,'180',-882117170000,-5692250082000,-13352987273000,-453605374000,19473749151000,27919406342000),(124,'181',-881675130000,-5686653290000,-10754427097000,-1129908237000,16192847280000,26895046483000),(125,'182',-875542095000,-5554928277000,-5241691347000,-1659406749000,13331568468000,24709802882000),(126,'183',-743335300000,-2249885879000,-4251610562000,-274849794000,-6969981947000,-20776080593000),(127,'7200029',140121390000,513407400336,730064834204,14712263016,1379266332418,2277278442199),(128,'6614426',140121390000,513407400336,742699775165,35014678,1377224025041,2393669212149),(129,'6035351',140121390000,513407400336,682864933695,-10297929510,1307056239383,2449952674077),(130,'5536720',140121390000,513407400336,587153987499,13164954542,1234808177239,2343380580937),(131,'5020982',140121390000,513407400336,552264435986,318360000,1187072031184,2331791251808),(132,'4564108',140121390000,513407400336,490184094148,338068000,1125011397346,2506601843813),(133,'4117436',140121390000,513407400336,420729629708,239609856,1055458474762,2321809561223),(134,'3763765',140121390000,513407400336,365743834755,212142366,1000445212319,2248068326368),(135,'3337491',140121390000,513407400336,312613669414,407578420,947510483032,2173898893892),(136,'2966088',140121390000,543970560003,258064443395,26960962097,968965179660,1947790417075),(137,'2580537',140121390000,543970560003,131604468030,27770951543,843315193741,1692066257649),(138,'2181413',140121390000,727739083467,-183839916118,31792265747,715732039915,1563824638440),(139,'7203854',534569000000,715615000000,222432000000,1394772000000,2867388000000,4394868000000),(140,'6580893',534569000000,715615000000,69672000000,1302685000000,2622541000000,4054723000000),(141,'6117728',534538000000,715487000000,-73489000000,1196680000000,2373216000000,3820957000000),(142,'5535520',534393000000,714848000000,-219839000000,1491334000000,2520736000000,4259612000000),(143,'5102576',524425000000,687690000000,-311205000000,1497467000000,2398377000000,4228195000000),(144,'4675835',214539000000,149597000000,-367060000000,1397933000000,1395009000000,4439432000000),(145,'4120494',120888000000,0,-1175848000000,1239083000000,184123000000,4639640000000),(146,'3777491',205859000000,673138000000,876001000000,134043000000,1865319000000,6652610000000),(147,'3475812',205858000000,673140000000,1349024000000,307705000000,2512005000000,6354050000000),(148,'2969003',205858000000,673140000000,1373905000000,273548000000,2502729000000,5655684000000),(149,'2595911',205858000000,673140000000,1284636000000,335443000000,2475355000000,4991914000000),(150,'2194166',205857846000,673974373293,1387017627627,458565815857,2701693840720,4336282885538),(151,'1927858',205857846000,673139639726,879001882847,53930290957,1782869346038,2939591081740),(152,'600',19768066000,598172192205,73791100828,17014749,747178018814,1190809872307),(153,'601',19766980500,598141686125,78369977213,-158696666,697895585791,1163673067524),(154,'602',19766750500,598135705325,34856360131,-40217635,652114236940,1138455473054),(155,'297',8574456400,3030557020742,195973004242,952505047328,4187609528712,4511543912779),(156,'298',8526586500,2999421389987,169111078441,1092069128046,4269128182974,4576377599710),(157,'299',8502638500,2992070299394,157648000979,1226773930968,4384994869841,4811061973560),(158,'263',16481339500,362406388434,6699190676516,-1548531531541,5529546872909,6671587333782),(159,'264',16481339500,362406388434,5655540684179,-1477546568301,4556881843812,5928592453256),(160,'265',16481339500,362406388434,4733331885906,-1178358989169,3933860624671,5342354582361),(161,'266',16481339500,162512767863,3925393924603,-1394972128339,2709415903627,3856490673931),(162,'267',16481340,162512768,3293691504,-1096969277,2375716335,3383717649),(163,'268',16481339500,154947418499,2672988733255,-933075535319,1911346446055,2728444360283),(164,'269',16481339500,132920605311,4636701733803,-3097369710679,1614627473817,2260146994942),(165,'270',24063852000,195843363036,2692658576633,-926790471530,1984916192052,2641450894224),(166,'271',24063852000,195247998027,2188777069153,-814229981046,1595744861011,1984793151640),(167,'272',24063852000,194072912177,1788159422737,30823761505,1366054704343,1720282233301),(168,'273',24063852000,194072912177,1307942948048,24592859692,983485590459,1304885162458),(169,'274',24063852000,194072912177,886718486544,30787045923,618787558006,1002359341569),(170,'275',23924199500,158044657917,556907438829,-31593216744,468934453911,811051896235),(171,'276',23174194000,105110583989,282700603122,-36526896396,374458484715,549390920192),(172,'277',7750398000,120611905449,130718412297,-26825248813,232255466933,373726916211),(173,'278',7750170000,120608509161,121610305241,-6297890171,243671094231,313306812658),(174,'279',3750067500,87704925151,71368767947,647182639,163470943237,200686709042),(175,'280',3718525000,86620216596,15845148350,178490909,106362380855,125207871568),(176,'118',46957120000,360381915534,357273213484,189318440200,953930689218,2806053322183),(177,'119',46957120000,360381915534,308322111420,191083477323,906744624277,2714015574758),(178,'120',46957120000,360381915534,274030798553,202434408946,883804243033,2709747614862),(179,'121',46957120000,360381915534,414613118346,193505369431,1015457523311,2810428674914),(180,'122',46957120000,720763831069,40559943306,191442642797,999723537172,2756020642695),(181,'123',46957120000,720763831069,28974838956,22988650669,819684440694,2695847546576),(182,'307',1163253787212,1045215227212,748372875939,10272979610,1921899642761,3107565420859),(183,'308',118038560000,1045215227212,888332274237,10272979610,2061859041059,3117063800362),(184,'309',1163253787212,1045215227212,862054233378,470441010,2025778461600,3204628139906),(185,'310',1163253787212,1045215227212,721787181113,10620399205,1895661367530,3004858847474),(186,'311',118038560000,1045215227212,607963111512,10459826610,1782827718617,2905213285312),(187,'312',118038560000,1045215227212,511715746636,10165188750,1685134722598,2774637425713),(188,'313',118038560000,1045215227212,421507324753,10278949051,1595040061016,2755424265414),(189,'314',118038560000,1045215227212,302881455725,10459826610,1476595069547,2604670537016),(190,'315',118038560000,1045215227212,254513211509,10459826610,1428226825331,2767114866931),(191,'316',13647000000,18191000000,199858000000,-31000000,231665000000,762169000000),(192,'317',13647130000,18190856088,133437790192,-29503195,165246273085,648260610904),(193,'318',13647130000,18190856088,77254253289,7006035,109085233342,637915610560),(194,'319',13647130000,18190856088,19399857375,0,51237843463,568364760486),(195,'320',13647130000,18190856088,1353686796,13515407,33178157477,556206864106),(196,'103',27500000000,314809017686,259031315147,-9321953535,592018379298,669021284832),(197,'104',27500000000,314809017686,249136787455,-9272497967,582173307174,616426327560),(198,'105',27500000000,314809017686,280948197382,-23266192444,599991022624,634355405631),(199,'106',27500000000,0,267583653262,289709716501,584793369763,625718771996),(200,'107',27500000000,0,219286699030,289628010117,536414709147,616692577755),(201,'108',27500000000,314809017686,210733494285,-23481387569,529561124402,640001348809),(202,'109',27500000000,314809017686,196588004404,-22916667569,515980354521,651757635750),(203,'110',27500000000,314809017686,192990256193,-18990576710,516308697169,645153133871),(204,'111',27500000000,314809017686,194507751522,-14087062710,522729706498,626121567472),(205,'112',25000000000,183743331946,163350791736,281712891651,389223040193,423659188961),(206,'113',20000000000,33689824905,101694062993,16700759623,172084647521,240577198753),(207,'258',110000000000,140702579910,310704333097,72567484905,633974397912,2315222479273),(208,'259',110000000000,140702579910,326970673455,72460147964,650133401329,2322091224454),(209,'260',110000000000,140702579910,353225345295,50537272,603978462477,2006861012899),(210,'261',110000000000,140702579910,380874147273,72383258,631649110441,1791303249684),(211,'262',110000000000,140702579910,326261021731,114816577,577078418218,1754053470221),(212,'14',2573969,828705,3733573,-3565,7132682,16834279),(213,'15',2573969,0,3497657,0,6895731,13955097),(214,'16',2573969,829175,1882573,1372,5287089,11948222),(215,'17',2573969,829717,1453108,1477,4858271,11989124),(216,'18',2573969,836561,1065701,1326,4477557,11939224),(217,'19',2573969,836561,777059,0,4189346,11986340),(218,'20',2573969,836561,611094,0,4014949,11746124),(219,'21',2573969,836561,341389,-4096,3740882,11070081),(220,'22',2573969,836561,1155275,-703879,3851543,11032980),(221,'23',2573969000000,836593000000,1235562000000,-703879000000,3942164000000,8509393000000),(222,'24',1386392150000,11579092000,822577588000,-3819266000,2039781765000,4027792908000),(223,'25',1386392150000,11579092000,569908456000,-800830000,1967078868000,3858462677000),(224,'26',1386392000000,11579000000,369533000000,5668000000,1773172000000,3628721000000),(225,'27',1386392150000,11579092000,94243256000,0,1491435463000,3368863372000),(226,'28',1386392150000,11579092000,-143742726000,0,1249607209000,3765513552000),(227,'29',1386392150000,11579092000,-400039080000,0,985058276000,3406993611000),(228,'30',6262580000000,4853597000000,4539074000000,0,15991890000000,59766165000000),(229,'31',1386392150000,11579092000,501458247000,0,876008977000,3111657291000),(230,'32',1386392150000,11579092000,574045198000,0,814197165000,2766171241000),(231,'33',953500000000,0,728418119000,280514,200779553000,2259840805000),(232,'34',953114385,0,-286056431,0,736457510,2182925086),(233,'246',118335535000,0,715231927493,1143317200596,1976884663089,5070125626985),(234,'247',118335535000,0,654189178569,1150076182483,1922600896052,5062817016686),(235,'248',118335535000,0,524169982506,1150448943195,1792954460701,5391209318156),(236,'249',118335535000,0,319486264050,1150518825200,1588340624250,4022156823100),(237,'250',118335535000,0,291726708826,1150441672154,1560503915980,3598752652624),(238,'251',118335535000,0,272392763515,1150450208612,1541178507127,4104519472846),(239,'252',100854695000,0,230735250704,889068547821,1220658493525,4260285191014),(240,'253',100853770000,0,270366532215,867055910184,1238276212399,4668317758534),(241,'254',100795215000,0,328962812148,866032815628,1295790842776,4246930049552),(242,'255',100634880000,0,508717624628,863266099394,1472611176130,4000101821554),(243,'256',85659115000,506039934089,285350113160,40260582162,908736728572,2429380176042),(244,'257',60104000000,175169947712,211727489029,44739180886,491740617627,811565261464),(245,'37',50000,621304,256035,-10820,916519,2168161),(246,'38',50000,621304,276738,-10729,937313,2144283),(247,'39',50000,621304,338768,-18165,991907,2223907),(248,'40',50000,621304,289252,-17529,942529,1918101),(249,'41',50000,621304,222704,-2000,891223,1890659),(250,'42',50000,621304,183217,-2000,851889,1781223),(251,'43',50000,621304,143945,-2000,812905,1713858),(252,'44',50000,621304,89093,-2000,758009,1535955),(253,'45',50000,621304,67482,-2000,736459,1641318),(254,'46',50000000000,621304000000,45342000000,-2000000000,714782000000,1381484000000),(255,'47',50000000000,589710000000,21341000000,7043000000,659905000000,1228996000000),(256,'1',146200000000,213189089156,893042214705,-9250346771,1243180957090,1661805713861),(257,'2',146200000000,213189089156,836704606177,-9811049197,1186282646136,1506189440241),(258,'3',146200000000,213189089156,767501062913,-6499156952,1120390995117,1460551696190),(259,'4',146200000000,213189089156,727228440613,-3648403095,1082969126674,1466740985008),(260,'5',146200000000,213189089156,685836257422,0,1043073452035,1374419706992),(261,'6',146200000000,213189089156,706633294194,0,1066022383350,0),(262,'7',146200000000,213189089156,621661404132,0,981050493288,1305043867419),(263,'8',146200000000,213189089156,545489585473,0,904878674629,1202450421042),(264,'9',146200000000,213189089156,476755893513,0,836144982669,1152310780261),(265,'10',146200000000,213189089156,279865693950,83607249,639226631955,863897839902),(266,'11',146200000000,213189089156,199319369441,-648887532,557947812665,756486823254),(267,'12',146200000000,213189089156,139478850940,880132009,499636313705,633794119282),(268,'13',146200000000,213183140267,78493796430,5948889,437378749819,566627834415),(269,'245',146200000000,213183140267,15681337637,0,374184501653,493485293939),(270,'7203148',148733500000,996918506013,769143158966,-103964262572,1810830902407,4059763205659),(271,'6787549',49635143100,49635143100,49635143100,49635143100,49635143100,49635143100),(272,'6787622',142097940000,936098108217,585518784362,-3344555374,1762823377205,4043326293630),(273,'5541087',139596725000,912967393893,551152632206,-39176447172,1666993403927,3745727582810),(274,'5017900',139435390000,911495988347,461524059809,-56910572137,1557997966019,3583909465442),(275,'4560241',139359055000,910824350269,620024055961,-45383835854,1624823625376,3537037714823),(276,'4115599',139287350000,910297587315,597632165787,33940025554,1553808094974,3589875531198),(277,'3710763',139118490000,895427734125,535029269320,69016616575,1511243076338,3561314087017),(278,'3336672',139016160000,895197595236,450285204429,119824356568,1476974282551,3578931698372),(279,'2967198',131072915000,719433701975,211065948795,113571798056,1323963083055,3056173718417),(280,'619',11440590000,230342528516,242087801401,9639699,483880559616,1006724224866),(281,'620',11173349000,217212563756,211877068813,9639699,441275423900,881678589572),(282,'621',10552230500,117833603756,167739673089,0,297128490704,542364879053),(283,'622',10550075500,117728106933,131371327469,180727,260660580379,392723444153),(284,'623',10550075500,117728106933,84685151394,180727,213974404304,318645576971),(285,'624',10550075500,117728106933,46670835908,180727,175960088818,318976923499),(286,'625',9741886000,79423464905,19713195806,180727,112922286438,284091277206),(287,'7207697',43161318000,4462249633278,314504187531,-2897079352,4858310828035,6484360616810),(288,'6618059',41743886500,4096216248276,579442074110,-1605704190,4751343249891,6202838878843),(289,'6036390',34004263500,3036433881650,497769298138,-4471698072,3557709586311,4956877856097),(290,'5542885',33857857500,3057264214414,290221821390,5045659124,3375157908371,4829296989834),(291,'5019278',30098044000,2291486340849,262085544550,243772600,2574881664876,3117064029191),(292,'4669554',29121102000,2258975020444,199218019812,-252325369,2460793426800,2755830752445),(293,'4116412',6830114500,175420008416,341498928971,-200705551,508016196936,601547609637),(294,'3703838',6802414500,169472598186,290427643693,1992007487,483535052916,568129250855),(295,'3338768',6777284500,164418083881,234078683668,1445889624,417257264931,515331863061),(296,'2952369',6680694500,175420008416,177282199093,2088493988,351292860919,442596575992),(297,'2583041',6528837500,175420008416,65565133614,-11255380686,209570024058,297485196941),(298,'2179726',6481886500,175420008416,35077013790,-10287698193,174336741258,283193185183),(299,'1868083',6443197000,175420008416,-10856842585,-7129157510,114304707590,220874889863),(300,'1573014',6273214000,175420008416,0,0,79439100393,225193755817),(301,'1319228',7716583000,175420008416,-41458648290,0,78847226008,348141919077),(302,'1087997',7583424000,175420008416,-7595687792,0,108959933528,313082876314),(303,'853220',7412505000,175420008416,10749174322,0,133080556100,212188835213),(304,'561597',6946683000,175420008416,-13813329839,0,79877037230,158634645687),(305,'346361',6590100000,175420008416,-16540264925,0,59204039999,141607235899),(306,'177433',6134277500,175420008416,10117380913,0,54760004178,91971348738),(307,'48478',3000025000,175420008416,8982042805,0,30643503559,40490303946),(308,'7207496',32260452000,50173591501,93723561950,3253160376,179410765827,414945802944),(309,'6824685',31629278500,50837578662,103165140145,2093410746,187725408053,410276514742),(310,'6055609',31010441500,121492399561,21735997853,3229965383,177468804297,396310484160),(311,'5781024',30654215500,115682351918,37665377535,4122857766,188124802719,381035861325),(312,'5781007',28309995500,92330403232,48949518882,0,169589917614,314167416364),(313,'4692159',26973735500,93601016497,44080759714,-2297343468,162358168243,279419707485),(314,'4231437',25701064500,94873687497,47904596244,-2292891890,166186456351,275629481077),(315,'3711091',24488952500,96085799497,23327319039,-2288614807,141613456229,227845090551),(316,'3334723',23782841500,96791910497,35279441661,-2283779850,153570413808,213542223951),(317,'2967078',23097270000000,98264375577,3405309964,-307888115,97877623691,171031303481),(318,'2589582',22431645000,98143106997,5034559766,-410091779,118264429746,158042533645),(319,'2180751',22488660000,123805293891,-11376924087,280514,132219758677,152426709993),(320,'1862251',22488660000,109445810484,0,10448880559,132660063564,142003509441),(321,'604',10000000000,0,494381517535,132848563863,637230081398,945670285116),(322,'605',10000000000,132848563863,488423547272,0,631272111135,917886918821),(323,'606',10000000000,132848563863,464601662739,0,607450226602,950374455962),(324,'607',10000000000,132848563863,446258535722,-7402426,589099697159,956141020000),(325,'608',10000000000,132848563863,420999886183,43374653,563891824699,932045338262),(326,'7206752',23055000000,0,136781000000,4375000000,554232000000,647030000000),(327,'6583853',23055000000,2443000000,98837000000,0,514356000000,597174000000),(328,'6039604',23000000000,2851000000,87856000000,14843000000,512453000000,560688000000),(329,'5541905',209920000000,0,48867000000,5157000000,263944000000,315787000000),(330,'5021306',209920000000,0,34434000000,2727000000,247081000000,317306000000),(331,'4552281',209920000000,0,102485000000,1554000000,313959000000,488528000000),(332,'4229523',209920000000,0,72070000000,2874000000,284864000000,458253000000),(333,'3788045',209405000000,0,65168000000,3707000000,278280000000,447878000000),(334,'2958662',13719319000,25815517434,101570895105,10409794799,147447478338,335667248151),(335,'1046018',-20632500000,-25815517434,-7536466146,0,52038760550,193316064307),(336,'809637',-15632500000,-20843321034,-678394403,0,35951775201,199695287854),(337,'579242',-15632500000,-20843321034,-11447821207,0,47923642241,213969158511),(338,'373025',-12025000000,-24469710034,-30530480634,0,65668623428,230362016378),(339,'177802',-11025000000,-15475667634,-25475918010,0,51599983724,149905893423),(340,'634',81433085,3090453701,3160540036,-489546525,5842209592,8583906445),(341,'635',81433085,3090453701,2841453004,-489546525,5525289007,8150735598),(342,'636',81433085,5090453701,219185544,-489546525,5388612314,7750711883),(343,'6840042',219691100000,1392565383888,227146201770,-756029379,1838646656279,4852055260385),(344,'7207050',219691100000,1392565383888,628460314457,-2242309169,2238474489176,4407263472432),(345,'637',46622740000,908732724016,16660086975,0,943930167265,3186012395511),(346,'638',46622740000,908732724016,15091684311,-30162524009,940284624318,3238850841791),(347,'7191348',368842230000,493225432390,292460521099,-11587389154,1081806250784,3132012662502),(348,'6602305',368842230000,693225432390,227021472911,-11587389154,1216367202596,3316699690626),(349,'6102778',368842230000,693225432390,280673624446,-9356610296,1272250132989,3403415556400),(350,'5524024',368842230000,693225432390,338291329105,-7623815345,1331600632599,3280274823463),(351,'5012906',368842230000,693225432390,370095084856,-10938499696,1360089703999,3336555972704),(352,'4549292',368842230000,693225432390,334116778140,-11213132002,1372966764977,3304646402543),(353,'4231029',368842230000,693225432390,410391226162,625781146,1407656368237,3398638438639),(354,'3697001',365562745000,694063051715,453439761498,-106480248458,1406585309755,3464862522835),(355,'3337958',365562745000,702537887337,420478709896,-106423285857,1382156056376,3435692574147),(356,'2961248',215000000000,618837419,250290127510,214885481377,620789493661,1356198041141),(357,'2591702',215000000000,618837419,362418264012,213996694690,746054458676,1402469264158),(358,'2184020',215000000000,618837419,241051088307,18129419786,474783845797,1319218779389),(359,'1865008',215000000000,0,86248376032,-6717163342,294515712975,1310206484498),(360,'1564425',215000000000,736449160000,0,0,138909334745,1469103628172),(361,'1317428',1521449160000,940676803709,0,0,594874854668,2529226694543),(362,'1005499',3374965000,39451636885,0,0,-2409921119147,915486617459),(363,'967854',3378050000,39451636885,0,0,-2468938281458,922962647381),(364,'734347',73663590000,0,0,0,-1205974979548,706154603148),(365,'490494',73663590000,0,0,0,-239581409508,1562395029809),(366,'281978',73663590000,0,0,0,-73586129399,1702081678443),(367,'124755',368842230000,493225432390,292460521099,-11587389154,1081806250784,3132012662502),(368,'24699',-73663590000,-64276544857,0,0,149751263905,1949472284872),(369,'626',61937534500,2457107991472,2161036788048,-12013963674,4668068350346,6069618535095),(370,'627',61937534500,2457107991472,1987821618074,-12295068985,4494572075061,6284507359403),(371,'628',61937534500,2457107991472,1788558291562,0,4307603817534,6015970961141),(372,'629',61937534500,2457107991472,1531953532116,0,4050999058088,5968767032325),(373,'630',61937534500,2457107991472,1163261103040,0,3682306629012,5909355631448),(374,'631',61937534500,2457974724126,875272426247,0,3395184684873,5111901392341),(375,'632',61937534500,2457974724126,545353066824,0,3065265325450,4656057936652),(376,'633',61937534500,2457974724126,129000207796,-229798031,2648682668391,4374940776992),(377,'37746',-47000000000,-178261965387,-163384940374,0,660720203014,1556536544265),(378,'172729',-47000000000,-178261965000,-222318690000,0,714977031000,1546786605000),(379,'343986',47000000000,178261966000,265533344000,0,766931473000,1686424765000),(380,'560901',76178290000,330374666428,328530336663,0,1285092888652,2147338920201),(381,'799313',77000000,152112701000,9593800000,0,1397154717,2307731030),(382,'1023809',77000000000,152112701000,11903800000,0,487481781000,1478182984000),(383,'1317923',-77000000000,152112701000,-107693522000,0,515068188000,1498846622000),(384,'1555308',1214629000000,2377013000000,4469482000000,0,8012275000000,21433100000000),(385,'1849446',77000000000,330374666000,170219503000,0,577594169000,1553805566),(386,'2167303',77000000000,330374666428,214493296525,261718182553,883586145506,2114008344347),(387,'2582286',77000000000,330374666428,331550408992,248634694596,987559770016,2420672112529),(388,'2951573',77000000000,330374666428,828067427360,156953165779,1392395259567,2595560035277),(389,'3319708',77000000000,155447037512,1192850601968,98823724,1425396463204,2610007918359),(390,'3712086',77000000000,155447037512,1287174951412,32593178,1519654582102,2854221502973),(391,'4117481',77000000000,155447037512,1381429497951,19978589,1613896514052,2827722505496),(392,'4543156',77000000000,155447037512,1451222776621,-135622388,1683534191745,2880508074066),(393,'5011003',77000000000,155447037512,1561323118464,0,1793770155976,3590748817420),(394,'5521041',77000000000,155447037512,1749752957303,-96000000,1982103994815,3486438265317),(395,'6036033',77000000000,152112701041,1821596743304,-68546079,2050640898266,3882471359087),(396,'6599141',77000000000,152112701041,1874033859445,-81808547,2103064751939,3911090431721),(397,'7191672',77000000000,152112701041,1943604173359,-8236784215,2164480090185,5587119618578),(398,'7187522',30927835000,21259086010,532767089895,0,584954010905,906069881039),(399,'6798750',30927835000,21259086010,509837080212,0,562024001222,765845304290),(400,'6048249',30927835000,21259086010,479865526769,0,532052447779,731904311255),(401,'5515699',30927835000,21259086010,466317969112,221499985,518726390107,730177649356),(402,'5004571',30927835000,21259086010,403812567879,240390955,456239879844,650518244338),(403,'4682199',30927835000,21259086010,379092793994,132197596,431411912600,651013157696),(404,'4120065',30927835000,21259086010,343004557500,345016872,395536495382,562914254285),(405,'3696623',30927835000,21259086010,279076825102,167505022,331431251134,488541049300),(406,'3326448',30927835000,21259086010,169316371947,-184424045,221318868912,376356788173),(407,'2960536',30927835000,21259086010,152301189152,120053556,204608163718,334906090143),(408,'2591096',30928000000,21259000000,138820000000,0,191007000000,338646000000),(409,'609',139379095000,4193533807329,2906676809194,582582831368,8599890922891,15251432103260),(410,'610',139379095000,4193533807329,2767647576951,749617193553,8229146572833,14138571723681),(411,'611',139379095000,4193533807329,2524469001864,1129882284267,8366233088460,14346891083552),(412,'612',139379095000,4193533807329,1978848655507,1063847059621,7754577517457,13814601275882),(413,'613',139379095000,4193533807329,1660028564147,1039774224590,7032715691066,13247431258918),(414,'614',139379095000,4193533807329,1218284672666,1357162842292,6908360417287,12764938596505),(415,'615',139379095000,4193533807329,957526591965,1218744062995,6509183557289,12031101222598),(416,'616',139379095000,4193533807329,501459902929,1101117583870,5935490389128,11343053804455),(417,'617',139379095000,4193533807329,238275808021,934821394168,5506010104518,10621015792034),(418,'300',50124583000,2712906272000,272449791000,0,3035480646000,3143651545000),(419,'301',50124583000,2912906272000,72906552000,0,3035937407000,3147343997000),(420,'302',50124583000,2912906272000,189352092000,0,3152382947000,3264074033000),(421,'303',50124583000,2912906272000,258048919000,0,3221079774000,3356154846000),(422,'82',49850000000,-4385869610,1227729270153,64635129934,1337828530477,1456823840782),(423,'83',49850000000,-6457578570,1160996611451,59627719127,1264016752008,1394425635680),(424,'84',49850000000,-1813438320,1114834002212,57229337653,1220099901545,1351455235112),(425,'85',49850000000,4358397450,63135671250,1058340692325,1175684761025,1300920314467),(426,'86',49850000000,4358397450,899810627330,0,954019024780,1032915001798),(427,'87',49850000000,4358397450,865465686215,0,919674083665,989883954723),(428,'88',49850000000,4324292510,821887490815,0,876061783325,959158837049),(429,'89',29587960000,2976400803,793045313627,0,825609674430,908601014647),(430,'90',14900000000,2141798173,750732570366,0,767774368539,861895480653),(431,'91',14900000000,46906962000,621695253000,47494560000,730052932000,820945584000),(432,'92',14900000000,46906961000,535707492000,46523230000000,643093840000,722684057000),(433,'93',14900000,46906961,454328288,45716723000,560908130,643559001),(434,'94',14900000,46906961,387709517,42703712,491276348,572631736),(435,'95',14900000,46906961,331799905,40319936,433926802,494564280),(436,'96',14900000,46906961,287617469,55448314,404872745,464927871),(437,'97',14900000,46906961,236916099,55812339,354535398,418257440),(438,'98',14900000,46906961,198151771,56516842,316475574,420782714),(439,'99',14900000,46205033,145076866,57211100,263392999,409090167),(440,'100',14900000,45870257,110667100,57993696,229431054,371857212),(441,'101',14900000,45870257,82736287,56853257,200359801,255517953),(442,'102',14900000,45870257,67016711,58653499,186440467,251872360),(443,'900',42219340000,286468819553,166110921042,154787149860,649586230455,1012313238936),(444,'901',42219340000,286468819553,111260378917,149142683976,589091222446,958439772069),(445,'902',42219340000,286468819553,92958805954,159685726474,581332691981,899828825496),(446,'903',42219340000,286468819553,99768953928,160668454651,589125568132,1066506159036),(447,'904',40179025000,252832634571,96734335539,161536114478,551282109588,1059029556830),(448,'905',38509680000,225306254988,39741903108,183272816938,486830655034,1077970431206),(449,'906',36754580000,276482886378,0,126164054475,439401520853,925749867459),(450,'7199600',3556218500,224196571921,991091911415,-666604033128,553687874865,599296613066),(451,'6610278',3556218500,224196571921,992043505599,-668602001311,551621134223,591649736677),(452,'6036951',2657947000,35004425134,979542628605,-668309871469,350889927951,408796252127),(453,'5518129',4901680000,62705521370,568366988229,-69559906786,567673294617,705504034829),(454,'5017613',4901680000,62705521370,498584697616,-63869679286,501842829938,609690428302),(455,'4546260',4901680000,62705521370,420768702235,-63869679286,422775681157,521021635838),(456,'7201830',5024754500,140724534010,163465911670,-6605251901,302376908037,750534414642),(457,'6607424',5024754500,140724534010,75903243726,-2770623149,218648868845,613713020305),(458,'6057726',5024754500,140724534010,58442300988,-1167011151,202791538105,515856102463),(459,'5527493',5024754500,140723838712,58367422028,-952351200,202930623798,431150053778),(460,'5022544',4499754500,48585149472,31776069778,-233040242,84627933508,266152320313),(461,'4630180',4499754500,48585149472,14583063470,0,67434927200,209928922139),(462,'7193204',25925725000,0,189029033976,-2637499474,473520115655,780736005139),(463,'6616246',24698090000,0,142550872171,-1397201258,428725142066,698149449059),(464,'6050402',23522625000,0,105860995014,1173157253,401555832282,664781405513),(465,'5527785',23522625000,0,58888897108,839804318,354250381441,641698870445),(466,'5023963',23522625000,0,19533306789,506080341,314561067145,576286704427),(467,'4544624',23522625000,0,34568929128,2357083479,331447692622,573754109083),(468,'4214504',23522625000,0,3456858617,145136822,298123675454,521951175416),(469,'1861663',67578695000,689833576000,16261823000,70808266,707223271,2197278564000),(470,'2194750',67578695000,689883576000,41627895000,837664955000,1589254009000,3752345368000),(471,'2593357',68406050000,714203776000,299788926000,822300000000,1827011304000,4028579524000),(472,'2967040',70511905000,764416195000,938840808000,1171902424000,2853966158000,4993741551000),(473,'3337442',72031650,891106154,1466626737,19570732,2449335273,6084055736),(474,'3790109',72062330,892146629,1601546157,147146172,2712901288,6376699881),(475,'4216109',72137155,895923362,1781244144,51406749,2800711410,6216231227),(476,'4673624',72328655,910167698,1867575062,75380723,2925452138,6137783790),(477,'5026368',72428155,918335186,1987591109,63780468,3042134918,6409351926),(478,'5542370',72446655,919853765,2147604210,67201020,3207105650,7049220141),(479,'6039269',72520905,925143916,2356724228,-94175324,3260213725,7199609055),(480,'6612758',81908095,1540987319,3211277619,-72849126,4761323907,8589526374),(481,'7201801',81908095,1540987319,3078597040,-66825405,4634667049,10677387530),(482,'193',128337853000,786358490538,2114638598135,-127213826083,2904711978185,3708567679656),(483,'194',125456133000,761047500208,1830849456118,-80783525915,2641580736619,3408157730788),(484,'195',122666424000,741748885673,1673922744538,-20774292442,2522076495138,3255318758117),(485,'196',116598327000,729423471164,1276570444628,26335648974,2148927891766,2798784450365),(486,'197',112431663000,647186388630,1058486112455,-66359488014,1751744676071,2517717473793),(487,'198',103569771000,374601628348,861586531463,-80349848170,1259408082641,2098697248678),(488,'199',100503857000,370966449166,736468150916,-119209992574,1088728464508,1972614125727),(489,'200',87319819000,365690060564,648268679478,-52059408177,1050226674975,1728599933106),(490,'201',58261445500,388054076965,488170221862,-32270804588,902214939739,1405342718214),(491,'202',57993916000,390189024040,173129732782,-2758726564,779887194221,1155460946481),(492,'203',53979625500,190142497307,64757418009,910144604,285672460779,559203548001),(493,'204',53324959000,185313292783,6212997299,-1045795111,219716740194,499263761164),(494,'205',3000000000,10274352893,13473607712,-1434139770,25313820835,50152051371),(495,'206',3000000000,9829790287,11480738288,-682908720,23627619855,40674171016),(496,'207',2000000000,6221863907,9610195694,0,17832059601,33607942493),(497,'6052691',17283906000,321649418221,25350335306,-1724676813,361170157927,1231046501300),(498,'6611119',17283906000,321649418221,157107748330,-1724870813,494316201738,1435845970606),(499,'7202425',17283906000,321649418221,256384890147,-1724870813,593593343555,2114202246150),(500,'4692819',24640080000,15178558030,494675895777,16547789640,551214718331,1183774827946),(501,'5021863',24773964000,39739388434,631213899705,16494613398,712441404451,1460200504030),(502,'5554925',49547625000,14708996130,768220206413,16494613398,847645970908,1707548341707),(503,'6051743',32263719000,9577995232,4238128673128,-3637598765735,642374377318,699735804703),(504,'6609311',95369179000,709406608972,644758481291,16290208596,1465824477859,1487846481296),(505,'7197562',95716791000,695100373741,643012330503,16290021309,1450119516553,1488637056304),(506,'217',34508160000,712701764092,3728972262678,-101451793976,4375433772283,4950233654909),(507,'218',34508160000,712701764092,3490112254943,-1380864396,4236810690680,4678941054908),(508,'219',34508160000,712701764092,0,0,4026554636734,4786271660889),(509,'220',34508160000,712701764092,3056613545960,-1380864396,3805165195176,4618650222622),(510,'221',34508160000,712701764092,2566354454104,-1380864396,3312494397625,3974683460539),(511,'222',34508160000,712701764092,2122955825929,-1380864396,2869417897416,3500717654298),(512,'223',34508160000,712701764092,1824308904510,-1380864396,2570479828955,3133866256930),(513,'224',34508160000,712701764092,1598803677796,-1380864396,2345061946353,2865780751590),(514,'225',34508160000,712701764092,1377603831465,-1380864396,2125754059906,2652199358170),(515,'226',34508160000,719354560084,776387155547,-1810164036,1548774985378,1964123843796),(516,'227',34508160000,712701764092,529896566636,-1810164036,1299714295120,1664010129314),(517,'228',34508160000,712701764092,338560625606,-1380864396,1115304373016,1455177318430),(518,'229',34508160000,712701764092,202866894578,-1380864396,953279528492,1268392719261),(519,'230',34508160000,712701764092,56103757242,-5568848766,797744832568,1113537536006),(520,'231',26409935000,143348035807,166982290215,28022408,336768283430,448167039703),(521,'232',26266135000,141545609909,140172161635,217163631,308201070175,406655732055),(522,'233',21322335000,0,91446125192,434337581,118155001132,220819925301);
/*!40000 ALTER TABLE `capital` ENABLE KEYS */;
UNLOCK TABLES;

--
-- Table structure for table `cash_flow_statement`
--

DROP TABLE IF EXISTS `cash_flow_statement`;
/*!40101 SET @saved_cs_client     = @@character_set_client */;
/*!50503 SET character_set_client = utf8mb4 */;
CREATE TABLE `cash_flow_statement` (
  `dcm_no` varchar(20) NOT NULL,
  `individual_cash_flow_id` bigint(20) DEFAULT NULL,
  `integrated_cash_flow_id` bigint(20) DEFAULT NULL,
  PRIMARY KEY (`dcm_no`),
  KEY `individual_cash_flow_individual_cash_flow_id_fk` (`individual_cash_flow_id`),
  KEY `integrated_cash_flow_integrated_cash_flow_id_fk` (`integrated_cash_flow_id`),
  CONSTRAINT `cash_flow_statement_fin_state_dcm_info_dcm_no_fk_2` FOREIGN KEY (`dcm_no`) REFERENCES `fin_state_dcm_info` (`dcm_no`) ON DELETE CASCADE,
  CONSTRAINT `individual_cash_flow_individual_cash_flow_id_fk` FOREIGN KEY (`individual_cash_flow_id`) REFERENCES `individual_cash_flow` (`individual_cash_flow_id`) ON DELETE CASCADE,
  CONSTRAINT `integrated_cash_flow_integrated_cash_flow_id_fk` FOREIGN KEY (`integrated_cash_flow_id`) REFERENCES `integrated_cash_flow` (`integrated_cash_flow_id`) ON DELETE CASCADE
) ENGINE=InnoDB DEFAULT CHARSET=utf8;
/*!40101 SET character_set_client = @saved_cs_client */;

--
-- Dumping data for table `cash_flow_statement`
--

LOCK TABLES `cash_flow_statement` WRITE;
/*!40000 ALTER TABLE `cash_flow_statement` DISABLE KEYS */;
INSERT INTO `cash_flow_statement` (`dcm_no`, `individual_cash_flow_id`, `integrated_cash_flow_id`) VALUES ('1',256,256),('10',265,265),('100',440,440),('1005499',362,362),('101',441,441),('102',442,442),('1023809',382,382),('103',196,196),('104',197,197),('1046018',335,335),('105',198,198),('106',199,199),('107',200,200),('108',201,201),('1087997',302,302),('109',202,202),('11',266,266),('110',203,203),('111',204,204),('112',205,205),('113',206,206),('118',176,176),('119',177,177),('12',267,267),('120',178,178),('121',179,179),('122',180,180),('123',181,181),('124',87,87),('124755',367,367),('125',88,88),('126',89,89),('127',90,90),('128',91,91),('129',92,92),('13',268,268),('130',93,93),('131',94,94),('1317428',361,361),('1317923',383,383),('1319228',301,301),('132',95,95),('133',96,96),('134',97,97),('135',98,98),('136',99,99),('137',100,100),('138',101,101),('139',102,102),('14',212,212),('140',103,103),('141',104,104),('142',105,105),('143',59,59),('144',60,60),('145',61,61),('146',62,62),('147',63,63),('148',64,64),('149',65,65),('15',213,213),('150',66,66),('151',67,67),('152',68,68),('153',69,69),('154',70,70),('155',71,71),('1555308',384,384),('156',72,72),('1564425',360,360),('157',73,73),('1573014',300,300),('158',74,74),('159',75,75),('16',214,214),('160',76,76),('161',77,77),('163',106,106),('164',107,107),('165',108,108),('166',109,109),('167',110,110),('168',111,111),('169',112,112),('17',215,215),('170',113,113),('171',114,114),('172',115,115),('172729',378,378),('173',116,116),('174',117,117),('175',118,118),('176',119,119),('177',120,120),('177433',306,306),('177802',339,339),('178',121,121),('179',122,122),('18',216,216),('180',123,123),('181',124,124),('182',125,125),('183',126,126),('184',78,78),('1849446',385,385),('185',79,79),('186',80,80),('1861663',469,469),('1862251',320,320),('1865008',359,359),('1868083',299,299),('187',81,81),('188',82,82),('189',83,83),('19',217,217),('190',84,84),('191',85,85),('192',86,86),('1927858',151,151),('193',482,482),('194',483,483),('195',484,484),('196',485,485),('197',486,486),('198',487,487),('199',488,488),('2',257,257),('20',218,218),('200',489,489),('201',490,490),('202',491,491),('203',492,492),('204',493,493),('205',494,494),('206',495,495),('207',496,496),('208',50,50),('209',51,51),('21',219,219),('210',52,52),('211',53,53),('212',54,54),('213',55,55),('214',56,56),('215',57,57),('216',58,58),('2167303',386,386),('217',506,506),('2179726',298,298),('218',507,507),('2180751',319,319),('2181413',138,138),('2184020',358,358),('219',508,508),('2194166',150,150),('2194750',470,470),('22',220,220),('220',509,509),('221',510,510),('222',511,511),('223',512,512),('224',513,513),('225',514,514),('226',515,515),('227',516,516),('228',517,517),('229',518,518),('23',221,221),('230',519,519),('231',520,520),('232',521,521),('233',522,522),('234',1,1),('235',2,2),('236',3,3),('237',4,4),('238',5,5),('239',6,6),('24',222,222),('240',7,7),('241',8,8),('242',9,9),('243',10,10),('244',11,11),('245',269,269),('246',233,233),('24699',368,368),('247',234,234),('248',235,235),('249',236,236),('25',223,223),('250',237,237),('251',238,238),('252',239,239),('253',240,240),('254',241,241),('255',242,242),('256',243,243),('257',244,244),('258',207,207),('2580537',137,137),('2582286',387,387),('2583041',297,297),('2589582',318,318),('259',208,208),('2591096',408,408),('2591702',357,357),('2593357',471,471),('2595911',149,149),('26',224,224),('260',209,209),('261',210,210),('262',211,211),('263',158,158),('264',159,159),('265',160,160),('266',161,161),('267',162,162),('268',163,163),('269',164,164),('27',225,225),('270',165,165),('271',166,166),('272',167,167),('273',168,168),('274',169,169),('275',170,170),('276',171,171),('277',172,172),('278',173,173),('279',174,174),('28',226,226),('280',175,175),('281',13,13),('281978',366,366),('282',14,14),('283',15,15),('284',16,16),('285',17,17),('286',18,18),('287',19,19),('288',20,20),('289',21,21),('29',227,227),('290',22,22),('291',23,23),('292',24,24),('293',25,25),('294',26,26),('295',27,27),('2951573',388,388),('2952369',296,296),('2958662',334,334),('296',28,28),('2960536',407,407),('2961248',356,356),('2966088',136,136),('2967040',472,472),('2967078',317,317),('2967198',279,279),('2969003',148,148),('297',155,155),('298',156,156),('299',157,157),('3',258,258),('30',228,228),('300',418,418),('301',419,419),('302',420,420),('303',421,421),('304',NULL,NULL),('305',NULL,NULL),('306',NULL,NULL),('307',182,182),('308',183,183),('309',184,184),('31',229,229),('310',185,185),('311',186,186),('312',187,187),('313',188,188),('314',189,189),('315',190,190),('316',191,191),('317',192,192),('318',193,193),('319',194,194),('32',230,230),('320',195,195),('33',231,231),('3319708',389,389),('3326448',406,406),('3334723',316,316),('3336672',278,278),('3337442',473,473),('3337491',135,135),('3337958',355,355),('3338768',295,295),('3369106',NULL,NULL),('34',232,232),('343986',379,379),('346361',305,305),('3475812',147,147),('3696623',405,405),('3697001',354,354),('37',245,245),('3703838',294,294),('3710763',277,277),('3711091',315,315),('3712086',390,390),('373025',338,338),('3763765',134,134),('37746',377,377),('3777491',146,146),('3788045',333,333),('3790109',474,474),('38',246,246),('39',247,247),('4',259,259),('40',248,248),('41',249,249),('4115599',276,276),('4116412',293,293),('4117436',133,133),('4117481',391,391),('4120065',404,404),('4120494',145,145),('42',250,250),('4214504',468,468),('4216109',475,475),('4229523',332,332),('4231029',353,353),('4231437',314,314),('43',251,251),('44',252,252),('45',253,253),('4543156',392,392),('4544624',467,467),('4546260',455,455),('4549292',352,352),('4552281',331,331),('4560241',275,275),('4564108',132,132),('46',254,254),('4630180',461,461),('4669554',292,292),('4673624',476,476),('4675835',144,144),('4682199',403,403),('4692159',313,313),('4692819',500,500),('47',255,255),('48478',307,307),('490494',365,365),('5',260,260),('5004571',402,402),('5011003',393,393),('5012906',351,351),('5017613',454,454),('5017900',274,274),('5019278',291,291),('5020982',131,131),('5021306',330,330),('5021863',501,501),('5022544',460,460),('5023963',466,466),('5026368',477,477),('5102576',143,143),('5515699',401,401),('5518129',453,453),('5521041',394,394),('5524024',350,350),('5527493',459,459),('5527785',465,465),('5535520',142,142),('5536720',130,130),('5541087',273,273),('5541905',329,329),('5542370',478,478),('5542885',290,290),('5554925',502,502),('560901',380,380),('561597',304,304),('5781007',312,312),('5781024',311,311),('579242',337,337),('6',261,261),('60',29,29),('600',152,152),('601',153,153),('602',154,154),('603',12,12),('6035351',129,129),('6036033',395,395),('6036390',289,289),('6036951',452,452),('6039269',479,479),('6039604',328,328),('604',321,321),('6048249',400,400),('605',322,322),('6050402',464,464),('6051743',503,503),('6052691',497,497),('6055609',310,310),('6057726',458,458),('606',323,323),('607',324,324),('608',325,325),('609',409,409),('61',30,30),('610',410,410),('6102778',349,349),('611',411,411),('6117728',141,141),('612',412,412),('613',413,413),('614',414,414),('615',415,415),('616',416,416),('617',417,417),('619',280,280),('62',31,31),('620',281,281),('621',282,282),('622',283,283),('623',284,284),('624',285,285),('625',286,286),('626',369,369),('627',370,370),('628',371,371),('629',372,372),('63',32,32),('630',373,373),('631',374,374),('632',375,375),('633',376,376),('634',340,340),('635',341,341),('636',342,342),('637',345,345),('638',346,346),('64',33,33),('65',34,34),('6580893',140,140),('6583853',327,327),('6599141',396,396),('66',35,35),('6602305',348,348),('6607424',457,457),('6609311',504,504),('6610278',451,451),('6611119',498,498),('6612758',480,480),('6614426',128,128),('6616246',463,463),('6618059',288,288),('67',36,36),('6787549',271,271),('6787622',272,272),('6798750',399,399),('68',37,37),('6824685',309,309),('6840042',343,343),('69',38,38),('7',262,262),('70',39,39),('71',40,40),('7187522',398,398),('7191348',347,347),('7191672',397,397),('7193204',462,462),('7197562',505,505),('7199600',450,450),('72',41,41),('7200029',127,127),('7201801',481,481),('7201830',456,456),('7202425',499,499),('7203148',270,270),('7203854',139,139),('7206752',326,326),('7207050',344,344),('7207496',308,308),('7207697',287,287),('73',42,42),('734347',364,364),('74',43,43),('75',44,44),('76',45,45),('77',46,46),('78',47,47),('79',48,48),('799313',381,381),('8',263,263),('80',49,49),('809637',336,336),('82',422,422),('83',423,423),('84',424,424),('85',425,425),('853220',303,303),('86',426,426),('87',427,427),('88',428,428),('89',429,429),('9',264,264),('90',430,430),('900',443,443),('901',444,444),('902',445,445),('903',446,446),('904',447,447),('905',448,448),('906',449,449),('91',431,431),('92',432,432),('93',433,433),('94',434,434),('95',435,435),('96',436,436),('967854',363,363),('97',437,437),('98',438,438),('99',439,439);
/*!40000 ALTER TABLE `cash_flow_statement` ENABLE KEYS */;
UNLOCK TABLES;

--
-- Table structure for table `company_info`
--

DROP TABLE IF EXISTS `company_info`;
/*!40101 SET @saved_cs_client     = @@character_set_client */;
/*!50503 SET character_set_client = utf8mb4 */;
CREATE TABLE `company_info` (
  `company_id` varchar(20) NOT NULL,
  `company_name` varchar(50) DEFAULT NULL,
  PRIMARY KEY (`company_id`)
) ENGINE=InnoDB DEFAULT CHARSET=utf8;
/*!40101 SET character_set_client = @saved_cs_client */;

--
-- Dumping data for table `company_info`
--

LOCK TABLES `company_info` WRITE;
/*!40000 ALTER TABLE `company_info` DISABLE KEYS */;
INSERT INTO `company_info` (`company_id`, `company_name`) VALUES ('000080','Hite Jinro'),('005930','SAMSUNG'),('007070','GS Retail'),('011070','LG INNOTEK'),('018250','AEKYUNG'),('018260','SAMSUNG SDS'),('020150','ILJIN'),('026960','DONGSUH'),('027410','BGF'),('028260','SAMSUNG C&T'),('028670','Panocean'),('031430','SI Korea'),('032640','LG Uplus'),('034730','SK'),('035420','NAVER'),('035720','KAKAO corp'),('068270','Celltrion'),('071840','LOTTE Himart'),('079550','LIG Nex1'),('090430','Apgroup'),('093050','LF'),('096760','JW HOLDINGS'),('096770','SK Innovation'),('097950','CJ CHEILJEDANG'),('103140','Poongsan'),('108670','LG HAUSYS'),('111770','YOUNGONE'),('114090','GKL'),('115390','LOCK&LOCK'),('120110','Kolon Industries'),('139480','EMART'),('145990','SAMSUNG corp'),('161390','HANKOOK TIRE'),('161890','KOLMAR'),('170900','DONG-A ST'),('185750','CKD Pharm'),('192400','CUCKOO'),('192820','COSMAX'),('204320','MANDO'),('207940','SAMSUNG BIOLOGICS'),('214320','INNOCEAN'),('241560','Doosan Bobcat'),('251270','Netmarble'),('267250','HYUNDAI-Holdings'),('271560','Orionworld'),('282330','BGF Retail'),('285130','SK Chemicals'),('294870','HYUNDAI-Development'),('298040','HYOSUNG Heavy Industries'),('316140','Woori FG');
/*!40000 ALTER TABLE `company_info` ENABLE KEYS */;
UNLOCK TABLES;

--
-- Table structure for table `fin_state_dcm_info`
--

DROP TABLE IF EXISTS `fin_state_dcm_info`;
/*!40101 SET @saved_cs_client     = @@character_set_client */;
/*!50503 SET character_set_client = utf8mb4 */;
CREATE TABLE `fin_state_dcm_info` (
  `dcm_no` varchar(20) NOT NULL,
  `rcept_no` varchar(20) DEFAULT NULL,
  PRIMARY KEY (`dcm_no`),
  KEY `fin_state_dcm_info_fin_state_rcept_info_rcept_no_fk` (`rcept_no`),
  CONSTRAINT `fin_state_dcm_info_fin_state_rcept_info_rcept_no_fk` FOREIGN KEY (`rcept_no`) REFERENCES `fin_state_rcept_info` (`rcept_no`) ON DELETE CASCADE ON UPDATE CASCADE
) ENGINE=InnoDB DEFAULT CHARSET=utf8;
/*!40101 SET character_set_client = @saved_cs_client */;

--
-- Dumping data for table `fin_state_dcm_info`
--

LOCK TABLES `fin_state_dcm_info` WRITE;
/*!40000 ALTER TABLE `fin_state_dcm_info` DISABLE KEYS */;
INSERT INTO `fin_state_dcm_info` (`dcm_no`, `rcept_no`) VALUES ('1','1'),('10','10'),('100','100'),('101','101'),('102','102'),('103','103'),('104','104'),('105','105'),('106','106'),('107','107'),('108','108'),('109','109'),('11','11'),('110','110'),('111','111'),('112','112'),('113','113'),('118','118'),('119','119'),('12','12'),('120','120'),('121','121'),('122','122'),('123','123'),('124','124'),('125','125'),('126','126'),('127','127'),('128','128'),('129','129'),('13','13'),('130','130'),('131','131'),('132','132'),('133','133'),('134','134'),('135','135'),('136','136'),('137','137'),('138','138'),('139','139'),('14','14'),('140','140'),('141','141'),('142','142'),('143','143'),('144','144'),('145','145'),('146','146'),('147','147'),('148','148'),('149','149'),('15','15'),('150','150'),('151','151'),('152','152'),('153','153'),('154','154'),('155','155'),('156','156'),('157','157'),('158','158'),('159','159'),('16','16'),('160','160'),('161','161'),('163','163'),('164','164'),('165','165'),('166','166'),('167','167'),('168','168'),('169','169'),('17','17'),('170','170'),('171','171'),('172','172'),('173','173'),('174','174'),('175','175'),('176','176'),('177','177'),('178','178'),('179','179'),('18','18'),('180','180'),('181','181'),('182','182'),('183','183'),('184','184'),('185','185'),('186','186'),('187','187'),('188','188'),('189','189'),('19','19'),('190','190'),('191','191'),('192','192'),('193','193'),('194','194'),('195','195'),('196','196'),('197','197'),('198','198'),('199','199'),('24699','19991220000002'),('2','2'),('20','20'),('200','200'),('37746','20000330000035'),('48478','20000330000380'),('124755','20001227000119'),('172729','20010330000667'),('177433','20010330001533'),('177802','20010331000053'),('281978','20011229000007'),('343986','20020330000086'),('346361','20020330000637'),('373025','20020415000293'),('490494','20021228000054'),('560901','20030329000379'),('561597','20030329000526'),('579242','20030403000709'),('734347','20040117000016'),('799313','20040330000074'),('809637','20040330002007'),('853220','20040510000990'),('967854','20041229000312'),('1005499','20050308000641'),('1023809','20050324000258'),('1046018','20050331001388'),('1087997','20050429001430'),('1317428','20060331000972'),('1317923','20060331001056'),('1319228','20060331001314'),('1555308','20070327000305'),('1564425','20070330000264'),('1573014','20070330001822'),('1849446','20080328000267'),('1861663','20080331001506'),('1862251','20080331001632'),('1865008','20080331002206'),('1868083','20080331002883'),('1927858','20080508001455'),('2167303','20090326000247'),('2179726','20090331000231'),('2180751','20090331000456'),('2181413','20090331000585'),('2184020','20090331001129'),('2194166','20090331003040'),('2194750','20090331003144'),('201','201'),('2580537','20100330000677'),('2582286','20100330001092'),('2583041','20100330001265'),('2589582','20100331001302'),('2591096','20100331001587'),('2591702','20100331001689'),('2593357','20100331001982'),('2595911','20100331002502'),('2951573','20110330000579'),('2952369','20110330000789'),('2958662','20110331000776'),('2960536','20110331001159'),('2961248','20110331001313'),('2966088','20110331002258'),('2967040','20110331002446'),('2967078','20110331002453'),('2967198','20110331002476'),('2969003','20110331002844'),('3319708','20120329000874'),('3326448','20120330001116'),('3334723','20120330002541'),('3336672','20120330002915'),('3337442','20120330003062'),('3337491','20120330003068'),('3337958','20120330003150'),('3338768','20120330003312'),('3369106','20120412000075'),('3475812','20120723000142'),('3696623','20130329001597'),('3697001','20130329001677'),('3703838','20130401000689'),('3710763','20130401002262'),('3711091','20130401002314'),('3712086','20130401002528'),('3763765','20130422000349'),('3777491','20130503001155'),('3788045','20130510000916'),('3790109','20130510002339'),('4115599','20140331002595'),('4116412','20140331002739'),('4117436','20140331002927'),('4117481','20140331002932'),('4120065','20140331003382'),('4120494','20140331003461'),('4214504','20140515000351'),('4216109','20140515001115'),('4229523','20140529000380'),('4231029','20140530000309'),('4231437','20140530000528'),('4543156','20150330001259'),('4544624','20150331000045'),('4546260','20150331000488'),('4549292','20150331001292'),('4552281','20150331002010'),('4560241','20150331003651'),('4564108','20150331004469'),('4630180','20150428000542'),('4669554','20150515001253'),('4673624','20150515002841'),('4675835','20150520000061'),('4682199','20150526000969'),('4692159','20150602000354'),('4692819','20150603000166'),('5004571','20160328000528'),('5011003','20160330000226'),('5012906','20160330000717'),('5017613','20160330001838'),('5017900','20160330001903'),('5019278','20160330002170'),('5020982','20160330002513'),('5021306','20160330002583'),('5021863','20160330002688'),('5022544','20160330002819'),('5023963','20160330003114'),('5026368','20160330003590'),('5102576','20160428000575'),('5515699','20170330000237'),('5518129','20170330000954'),('5521041','20170330001704'),('5524024','20170331000549'),('5527493','20170331001606'),('5527785','20170331001683'),('5535520','20170331003537'),('5536720','20170331003800'),('5541087','20170331004662'),('5541905','20170331004808'),('5542370','20170331004895'),('5542885','20170331005003'),('5554925','20170404001648'),('5781007','20170908000521'),('5781024','20170908000524'),('6035351','20180330002189'),('6036033','20180330002366'),('6036390','20180330002462'),('6036951','20180330002593'),('6039269','20180330003168'),('6039604','20180330003261'),('6048249','20180402001914'),('6050402','20180402002615'),('6051743','20180402002991'),('6052691','20180402003237'),('6055609','20180402003950'),('6057726','20180402004405'),('6102778','20180411002381'),('6117728','20180417000426'),('6580893','20190328002043'),('6583853','20190329001031'),('6599141','20190401001023'),('6602305','20190401001777'),('6607424','20190401002962'),('6609311','20190401003382'),('6610278','20190401003591'),('6611119','20190401003766'),('6612758','20190401004092'),('6614426','20190401004382'),('6616246','20190401004693'),('6618059','20190401005013'),('6787549','20190626000374'),('6787622','20190626000395'),('6798750','20190705000387'),('6824685','20190730000356'),('6840042','20190814000224'),('202','202'),('7187522','20200330001284'),('7191348','20200330002059'),('7191672','20200330002113'),('7193204','20200330002362'),('7197562','20200330003078'),('7199600','20200330003414'),('7200029','20200330003480'),('7201801','20200330003752'),('7201830','20200330003755'),('7202425','20200330003848'),('7203148','20200330003955'),('7203854','20200330004068'),('7206752','20200330004517'),('7207050','20200330004562'),('7207496','20200330004632'),('7207697','20200330004659'),('203','203'),('204','204'),('205','205'),('206','206'),('207','207'),('208','208'),('209','209'),('21','21'),('210','210'),('211','211'),('212','212'),('213','213'),('214','214'),('215','215'),('216','216'),('217','217'),('218','218'),('219','219'),('22','22'),('220','220'),('221','221'),('222','222'),('223','223'),('224','224'),('225','225'),('226','226'),('227','227'),('228','228'),('229','229'),('23','23'),('230','230'),('231','231'),('232','232'),('233','233'),('234','234'),('235','235'),('236','236'),('237','237'),('238','238'),('239','239'),('24','24'),('240','240'),('241','241'),('242','242'),('243','243'),('244','244'),('245','245'),('246','246'),('247','247'),('248','248'),('249','249'),('25','25'),('250','250'),('251','251'),('252','252'),('253','253'),('254','254'),('255','255'),('256','256'),('257','257'),('258','258'),('259','259'),('26','26'),('260','260'),('261','261'),('262','262'),('263','263'),('264','264'),('265','265'),('266','266'),('267','267'),('268','268'),('269','269'),('27','27'),('270','270'),('271','271'),('272','272'),('273','273'),('274','274'),('275','275'),('276','276'),('277','277'),('278','278'),('279','279'),('28','28'),('280','280'),('281','281'),('282','282'),('283','283'),('284','284'),('285','285'),('286','286'),('287','287'),('288','288'),('289','289'),('29','29'),('290','290'),('291','291'),('292','292'),('293','293'),('294','294'),('295','295'),('296','296'),('297','297'),('298','298'),('299','299'),('3','3'),('30','30'),('300','300'),('301','301'),('302','302'),('303','303'),('304','304'),('305','305'),('306','306'),('307','307'),('308','308'),('309','309'),('31','31'),('310','310'),('311','311'),('312','312'),('313','313'),('314','314'),('315','315'),('316','316'),('317','317'),('318','318'),('319','319'),('32','32'),('320','320'),('33','33'),('34','34'),('37','37'),('38','38'),('39','39'),('4','4'),('40','40'),('41','41'),('42','42'),('43','43'),('44','44'),('45','45'),('46','46'),('47','47'),('5','5'),('6','6'),('60','60'),('600','600'),('601','601'),('602','602'),('603','603'),('604','604'),('605','605'),('606','606'),('607','607'),('608','608'),('609','609'),('61','61'),('610','610'),('611','611'),('612','612'),('613','613'),('614','614'),('615','615'),('616','616'),('617','617'),('619','619'),('62','62'),('620','620'),('621','621'),('622','622'),('623','623'),('624','624'),('625','625'),('626','626'),('627','627'),('628','628'),('629','629'),('63','63'),('630','630'),('631','631'),('632','632'),('633','633'),('634','634'),('635','635'),('636','636'),('637','637'),('638','638'),('64','64'),('65','65'),('66','66'),('67','67'),('68','68'),('69','69'),('7','7'),('70','70'),('71','71'),('72','72'),('73','73'),('74','74'),('75','75'),('76','76'),('77','77'),('78','78'),('79','79'),('8','8'),('80','80'),('82','82'),('83','83'),('84','84'),('85','85'),('86','86'),('87','87'),('88','88'),('89','89'),('9','9'),('90','90'),('900','900'),('901','901'),('902','902'),('903','903'),('904','904'),('905','905'),('906','906'),('91','91'),('92','92'),('93','93'),('94','94'),('95','95'),('96','96'),('97','97'),('98','98'),('99','99');
/*!40000 ALTER TABLE `fin_state_dcm_info` ENABLE KEYS */;
UNLOCK TABLES;

--
-- Table structure for table `fin_state_rcept_info`
--

DROP TABLE IF EXISTS `fin_state_rcept_info`;
/*!40101 SET @saved_cs_client     = @@character_set_client */;
/*!50503 SET character_set_client = utf8mb4 */;
CREATE TABLE `fin_state_rcept_info` (
  `rcept_no` varchar(20) NOT NULL,
  `company_id` varchar(20) DEFAULT NULL,
  `report_nm` varchar(20) DEFAULT NULL,
  PRIMARY KEY (`rcept_no`),
  KEY `fin_state_rcept_info_company_info_company_id_fk` (`company_id`),
  CONSTRAINT `fin_state_rcept_info_company_info_company_id_fk` FOREIGN KEY (`company_id`) REFERENCES `company_info` (`company_id`) ON DELETE CASCADE ON UPDATE CASCADE
) ENGINE=InnoDB DEFAULT CHARSET=utf8;
/*!40101 SET character_set_client = @saved_cs_client */;

--
-- Dumping data for table `fin_state_rcept_info`
--

LOCK TABLES `fin_state_rcept_info` WRITE;
/*!40000 ALTER TABLE `fin_state_rcept_info` DISABLE KEYS */;
INSERT INTO `fin_state_rcept_info` (`rcept_no`, `company_id`, `report_nm`) VALUES ('1','093050','2019.12'),('10','093050','2010.12'),('100','026960','2001.12'),('101','026960','2000.12'),('102','026960','1999.12'),('103','115390','2019.12'),('104','115390','2018.12'),('105','115390','2017.12'),('106','115390','2016.12'),('107','115390','2015.12'),('108','115390','2014.12'),('109','115390','2013.12'),('11','093050','2009.12'),('110','115390','2012.12'),('111','115390','2011.12'),('112','115390','2010.12'),('113','115390','2009.12'),('118','204320','2019.12'),('119','204320','2018.12'),('12','093050','2008.12'),('120','204320','2017.12'),('121','204320','2016.12'),('122','204320','2015.12'),('123','204320','2014.12'),('124','028260','2019.12'),('125','028260','2018.12'),('126','028260','2017.12'),('127','028260','2016.12'),('128','028260','2015.12'),('129','028260','2014.12'),('13','093050','2007.12'),('130','028260','2013.12'),('131','028260','2006.12'),('132','028260','2005.12'),('133','028260','2004.12'),('134','028260','2003.12'),('135','028260','2002.12'),('136','028260','2001.12'),('137','028260','2000.12'),('138','028260','1999.12'),('139','207940','2019.12'),('14','032640','2019.12'),('140','207940','2018.12'),('141','207940','2017.12'),('142','207940','2016.12'),('143','018260','2019.12'),('144','018260','2018.12'),('145','018260','2017.12'),('146','018260','2016.12'),('147','018260','2015.12'),('148','018260','2014.12'),('149','018260','2013.12'),('15','032640','2018.12'),('150','018260','2012.12'),('151','018260','2011.12'),('152','018260','2010.12'),('153','018260','2009.12'),('154','018260','2008.12'),('155','018260','2007.12'),('156','018260','2006.12'),('157','018260','2005.12'),('158','018260','2004.12'),('159','018260','2003.12'),('16','032640','2017.12'),('160','018260','2002.12'),('161','018260','2001.12'),('163','005930','2018.12'),('164','005930','2017.12'),('165','005930','2016.12'),('166','005930','2015.12'),('167','005930','2014.12'),('168','005930','2013.12'),('169','005930','2012.12'),('17','032640','2016.12'),('170','005930','2011.12'),('171','005930','2010.12'),('172','005930','2009.12'),('173','005930','2008.12'),('174','005930','2007.12'),('175','005930','2006.12'),('176','005930','2005.12'),('177','005930','2004.12'),('178','005930','2003.12'),('179','005930','2002.12'),('18','032640','2015.12'),('180','005930','2001.12'),('181','005930','2000.12'),('182','005930','1999.12'),('183','005930','1998.12'),('184','145990','2019.12'),('185','145990','2018.12'),('186','145990','2017.12'),('187','145990','2016.12'),('188','145990','2015.12'),('189','145990','2014.12'),('19','032640','2014.12'),('190','145990','2013.12'),('191','145990','2012.12'),('192','145990','2011.12'),('193','068270','2019.12'),('194','068270','2018.12'),('195','068270','2017.12'),('196','068270','2016.12'),('197','068270','2015.12'),('198','068270','2014.12'),('199','068270','2013.12'),('19991220000002','000080','1998.09'),('2','093050','2018.12'),('20','032640','2013.12'),('200','068270','2012.12'),('20000330000035','007070','1999.12'),('20000330000380','035720','1999.12'),('20001227000119','000080','2000.09'),('20010330000667','007070','2000.12'),('20010330001533','035720','2000.12'),('20010331000053','020150','2000.12'),('20011229000007','000080','2001.09'),('20020330000086','007070','2001.12'),('20020330000637','035720','2001.12'),('20020415000293','020150','2001.12'),('20021228000054','000080','2002.09'),('20030329000379','007070','2002.12'),('20030329000526','035720','2002.12'),('20030403000709','020150','2002.12'),('20040117000016','000080','2003.09'),('20040330000074','007070','2003.12'),('20040330002007','020150','2003.12'),('20040510000990','035720','2003.12'),('20041229000312','000080','2004.09'),('20050308000641','000080','2004.12'),('20050324000258','007070','2004.12'),('20050331001388','020150','2004.12'),('20050429001430','035720','2004.12'),('20060331000972','000080','2005.12'),('20060331001056','007070','2005.12'),('20060331001314','035720','2005.12'),('20070327000305','007070','2006.12'),('20070330000264','000080','2006.12'),('20070330001822','035720','2006.12'),('20080328000267','007070','2007.12'),('20080331001506','097950','2007.12'),('20080331001632','096760','2007.12'),('20080331002206','000080','2007.12'),('20080331002883','035720','2007.12'),('20080508001455','028670','2007.12'),('20090326000247','007070','2008.12'),('20090331000231','035720','2008.12'),('20090331000456','096760','2008.12'),('20090331000585','103140','2008.12'),('20090331001129','000080','2008.12'),('20090331003040','028670','2008.12'),('20090331003144','097950','2008.12'),('201','068270','2011.12'),('20100330000677','103140','2009.12'),('20100330001092','007070','2009.12'),('20100330001265','035720','2009.12'),('20100331001302','096760','2009.12'),('20100331001587','114090','2009.12'),('20100331001689','000080','2009.12'),('20100331001982','097950','2009.12'),('20100331002502','028670','2009.12'),('20110330000579','007070','2010.12'),('20110330000789','035720','2010.12'),('20110331000776','020150','2010.12'),('20110331001159','114090','2010.12'),('20110331001313','000080','2010.12'),('20110331002258','103140','2010.12'),('20110331002446','097950','2010.12'),('20110331002453','096760','2010.12'),('20110331002476','120110','2010.12'),('20110331002844','028670','2010.12'),('20120329000874','007070','2011.12'),('20120330001116','114090','2011.12'),('20120330002541','096760','2011.12'),('20120330002915','120110','2011.12'),('20120330003062','097950','2011.12'),('20120330003068','103140','2011.12'),('20120330003150','000080','2011.12'),('20120330003312','035720','2011.12'),('20120412000075','020150','2011.12'),('20120723000142','028670','2011.12'),('20130329001597','114090','2012.12'),('20130329001677','000080','2012.12'),('20130401000689','035720','2012.12'),('20130401002262','120110','2012.12'),('20130401002314','096760','2012.12'),('20130401002528','007070','2012.12'),('20130422000349','103140','2012.12'),('20130503001155','028670','2012.12'),('20130510000916','020150','2012.12'),('20130510002339','097950','2012.12'),('20140331002595','120110','2013.12'),('20140331002739','035720','2013.12'),('20140331002927','103140','2013.12'),('20140331002932','007070','2013.12'),('20140331003382','114090','2013.12'),('20140331003461','028670','2013.12'),('20140515000351','185750','2013.12'),('20140515001115','097950','2013.12'),('20140529000380','020150','2013.12'),('20140530000309','000080','2013.12'),('20140530000528','096760','2013.12'),('20150330001259','007070','2014.12'),('20150331000045','185750','2014.12'),('20150331000488','192400','2014.12'),('20150331001292','000080','2014.12'),('20150331002010','020150','2014.12'),('20150331003651','120110','2014.12'),('20150331004469','103140','2014.12'),('20150428000542','192820','2014.12'),('20150515001253','035720','2014.12'),('20150515002841','097950','2014.12'),('20150520000061','028670','2014.12'),('20150526000969','114090','2014.12'),('20150602000354','096760','2014.12'),('20150603000166','027410','2014.12'),('20160328000528','114090','2015.12'),('20160330000226','007070','2015.12'),('20160330000717','000080','2015.12'),('20160330001838','192400','2015.12'),('20160330001903','120110','2015.12'),('20160330002170','035720','2015.12'),('20160330002513','103140','2015.12'),('20160330002583','020150','2015.12'),('20160330002688','027410','2015.12'),('20160330002819','192820','2015.12'),('20160330003114','185750','2015.12'),('20160330003590','097950','2015.12'),('20160428000575','028670','2015.12'),('20170330000237','114090','2016.12'),('20170330000954','192400','2016.12'),('20170330001704','007070','2016.12'),('20170331000549','000080','2016.12'),('20170331001606','192820','2016.12'),('20170331001683','185750','2016.12'),('20170331003537','028670','2016.12'),('20170331003800','103140','2016.12'),('20170331004662','120110','2016.12'),('20170331004808','020150','2016.12'),('20170331004895','097950','2016.12'),('20170331005003','035720','2016.12'),('20170404001648','027410','2016.12'),('20170908000521','096760','2015.12'),('20170908000524','096760','2016.12'),('20180330002189','103140','2017.12'),('20180330002366','007070','2017.12'),('20180330002462','035720','2017.12'),('20180330002593','192400','2017.12'),('20180330003168','097950','2017.12'),('20180330003261','020150','2017.12'),('20180402001914','114090','2017.12'),('20180402002615','185750','2017.12'),('20180402002991','027410','2017.12'),('20180402003237','282330','2017.12'),('20180402003950','096760','2017.12'),('20180402004405','192820','2017.12'),('20180411002381','000080','2017.12'),('20180417000426','028670','2017.12'),('20190328002043','028670','2018.12'),('20190329001031','020150','2018.12'),('20190401001023','007070','2018.12'),('20190401001777','000080','2018.12'),('20190401002962','192820','2018.12'),('20190401003382','027410','2018.12'),('20190401003591','192400','2018.12'),('20190401003766','282330','2018.12'),('20190401004092','097950','2018.12'),('20190401004382','103140','2018.12'),('20190401004693','185750','2018.12'),('20190401005013','035720','2018.12'),('20190626000374','120110','2018.12'),('20190626000395','120110','2017.12'),('20190705000387','114090','2018.12'),('20190730000356','096760','2018.12'),('20190814000224','294870','2018.12'),('202','068270','2010.12'),('20200330001284','114090','2019.12'),('20200330002059','000080','2019.12'),('20200330002113','007070','2019.12'),('20200330002362','185750','2019.12'),('20200330003078','027410','2019.12'),('20200330003414','192400','2019.12'),('20200330003480','103140','2019.12'),('20200330003752','097950','2019.12'),('20200330003755','192820','2019.12'),('20200330003848','282330','2019.12'),('20200330003955','120110','2019.12'),('20200330004068','028670','2019.12'),('20200330004517','020150','2019.12'),('20200330004562','294870','2019.12'),('20200330004632','096760','2019.12'),('20200330004659','035720','2019.12'),('203','068270','2009.12'),('204','068270','2008.12'),('205','068270','2007.12'),('206','068270','2006.12'),('207','068270','2005.12'),('208','031430','2019.12'),('209','031430','2018.12'),('21','032640','2012.12'),('210','031430','2017.12'),('211','031430','2016.12'),('212','031430','2015.12'),('213','031430','2014.12'),('214','031430','2013.12'),('215','031430','2012.12'),('216','031430','2011.12'),('217','090430','2019.12'),('218','090430','2018.12'),('219','090430','2017.12'),('22','032640','2011.12'),('220','090430','2016.12'),('221','090430','2015.12'),('222','090430','2014.12'),('223','090430','2013.12'),('224','090430','2012.12'),('225','090430','2011.12'),('226','090430','2010.12'),('227','090430','2009.12'),('228','090430','2008.12'),('229','090430','2007.12'),('23','032640','2010.12'),('230','090430','2006.12'),('231','018250','2019.12'),('232','018250','2018.12'),('233','018250','2017.12'),('234','111770','2019.12'),('235','111770','2018.12'),('236','111770','2017.12'),('237','111770','2016.12'),('238','111770','2015.12'),('239','111770','2014.12'),('24','032640','2009.12'),('240','111770','2013.12'),('241','111770','2012.12'),('242','111770','2011.12'),('243','111770','2010.12'),('244','111770','2009.12'),('245','093050','2006.12'),('246','011070','2019.12'),('247','011070','2018.12'),('248','011070','2017.12'),('249','011070','2016.12'),('25','032640','2008.12'),('250','011070','2015.12'),('251','011070','2014.12'),('252','011070','2013.12'),('253','011070','2012.12'),('254','011070','2011.12'),('255','011070','2010.12'),('256','011070','2009.12'),('257','011070','2008.12'),('258','079550','2019.12'),('259','079550','2018.12'),('26','032640','2007.12'),('260','079550','2017.12'),('261','079550','2016.12'),('262','079550','2015.12'),('263','035420','2019.12'),('264','035420','2018.12'),('265','035420','2017.12'),('266','035420','2016.12'),('267','035420','2015.12'),('268','035420','2014.12'),('269','035420','2013.12'),('27','032640','2006.12'),('270','035420','2012.12'),('271','035420','2011.12'),('272','035420','2010.12'),('273','035420','2009.12'),('274','035420','2008.12'),('275','035420','2007.12'),('276','035420','2006.12'),('277','035420','2005.12'),('278','035420','2004.12'),('279','035420','2003.12'),('28','032640','2005.12'),('280','035420','2002.12'),('281','096770','2019.12'),('282','096770','2018.12'),('283','096770','2017.12'),('284','096770','2016.12'),('285','096770','2015.12'),('286','096770','2014.12'),('287','096770','2013.12'),('288','096770','2012.12'),('289','096770','2011.12'),('29','032640','2004.12'),('290','096770','2010.12'),('291','096770','2009.12'),('292','096770','2008.12'),('293','096770','2007.12'),('294','285130','2019.12'),('295','285130','2018.12'),('296','285130','2017.12'),('297','251270','2019.12'),('298','251270','2018.12'),('299','251270','2017.12'),('3','093050','2017.12'),('30','032640','2003.12'),('300','241560','2019.12'),('301','241560','2018.12'),('302','241560','2017.12'),('303','241560','2016.12'),('304','241560','2015.12'),('305','241560','2014.12'),('306','241560','2013.12'),('307','071840','2019.12'),('308','071840','2018.12'),('309','071840','2017.12'),('31','032640','2002.12'),('310','071840','2016.12'),('311','071840','2015.12'),('312','071840','2014.12'),('313','071840','2013.12'),('314','071840','2012.12'),('315','071840','2011.12'),('316','071840','2005.12'),('317','071840','2004.12'),('318','071840','2003.12'),('319','071840','2002.12'),('32','032640','2001.12'),('320','071840','2001.12'),('33','032640','2000.12'),('34','032640','1999.12'),('37','108670','2019.12'),('38','108670','2018.12'),('39','108670','2017.12'),('4','093050','2016.12'),('40','108670','2016.12'),('41','108670','2015.12'),('42','108670','2014.12'),('43','108670','2013.12'),('44','108670','2012.12'),('45','108670','2011.12'),('46','108670','2010.12'),('47','108670','2009.12'),('5','093050','2015.12'),('6','093050','2014.12'),('60','034730','2019.12'),('600','271560','2019.12'),('601','271560','2018.12'),('602','271560','2017.12'),('603','316140','2019.12'),('604','214320','2019.12'),('605','214320','2018.12'),('606','214320','2017.12'),('607','214320','2016.12'),('608','214320','2015.12'),('609','139480','2019.12'),('61','034730','2018.12'),('610','139480','2018.12'),('611','139480','2017.12'),('612','139480','2016.12'),('613','139480','2015.12'),('614','139480','2014.12'),('615','139480','2013.12'),('616','139480','2012.12'),('617','139480','2011.12'),('619','161890','2019.12'),('62','034730','2017.12'),('620','161890','2018.12'),('621','161890','2017.12'),('622','161890','2016.12'),('623','161890','2015.12'),('624','161890','2014.12'),('625','161890','2013.12'),('626','161390','2019.12'),('627','161390','2018.12'),('628','161390','2017.12'),('629','161390','2016.12'),('63','034730','2016.12'),('630','161390','2015.12'),('631','161390','2014.12'),('632','161390','2013.12'),('633','161390','2012.12'),('634','267250','2019.12'),('635','267250','2018.12'),('636','267250','2017.12'),('637','298040','2019.12'),('638','298040','2018.12'),('64','034730','2015.12'),('65','034730','2014.12'),('66','034730','2013.12'),('67','034730','2012.12'),('68','034730','2011.12'),('69','034730','2010.12'),('7','093050','2013.12'),('70','034730','2009.12'),('71','034730','2008.12'),('72','034730','2007.12'),('73','034730','2006.12'),('74','034730','2005.12'),('75','034730','2004.12'),('76','034730','2003.12'),('77','034730','2002.12'),('78','034730','2001.12'),('79','034730','2000.12'),('8','093050','2012.12'),('80','034730','1999.12'),('82','026960','2019.12'),('83','026960','2018.12'),('84','026960','2017.12'),('85','026960','2016.12'),('86','026960','2015.12'),('87','026960','2014.12'),('88','026960','2013.12'),('89','026960','2012.12'),('9','093050','2011.12'),('90','026960','2011.12'),('900','170900','2019.12'),('901','170900','2018.12'),('902','170900','2017.12'),('903','170900','2016.12'),('904','170900','2015.12'),('905','170900','2014.12'),('906','170900','2013.12'),('91','026960','2010.12'),('92','026960','2009.12'),('93','026960','2008.12'),('94','026960','2007.12'),('95','026960','2006.12'),('96','026960','2005.12'),('97','026960','2004.12'),('98','026960','2003.12'),('99','026960','2002.12');
/*!40000 ALTER TABLE `fin_state_rcept_info` ENABLE KEYS */;
UNLOCK TABLES;

--
-- Table structure for table `financial`
--

DROP TABLE IF EXISTS `financial`;
/*!40101 SET @saved_cs_client     = @@character_set_client */;
/*!50503 SET character_set_client = utf8mb4 */;
CREATE TABLE `financial` (
  `financial_id` bigint(20) NOT NULL,
  `dcm_no` varchar(20) DEFAULT NULL,
  `financial_income` bigint(20) DEFAULT '0',
  `financial_expenses` bigint(20) DEFAULT '0',
  PRIMARY KEY (`financial_id`),
  KEY `financial_ibfk_1` (`dcm_no`),
  CONSTRAINT `financial_ibfk_1` FOREIGN KEY (`dcm_no`) REFERENCES `income_statement` (`dcm_no`) ON DELETE CASCADE
) ENGINE=InnoDB DEFAULT CHARSET=utf8;
/*!40101 SET character_set_client = @saved_cs_client */;

--
-- Dumping data for table `financial`
--

LOCK TABLES `financial` WRITE;
/*!40000 ALTER TABLE `financial` DISABLE KEYS */;
INSERT INTO `financial` (`financial_id`, `dcm_no`, `financial_income`, `financial_expenses`) VALUES (1,'234',7644816407,5006678758),(2,'235',14391420449,4893653667),(3,'236',4513915289,5412001639),(4,'237',4069466805,5812311961),(5,'238',3227769692,5529253693),(6,'239',3383530340,3166139703),(7,'240',4212434372,2260387143),(8,'241',2882591226,3066010650),(9,'242',2431330767,1953604344),(10,'243',0,0),(11,'244',0,0),(12,'603',0,0),(13,'281',166590802000,140864513000),(14,'282',141929943000,123715255000),(15,'283',162953071000,159102900000),(16,'284',150219796000,150993437000),(17,'285',180877392000,151877346000),(18,'286',210421102000,151769605000),(19,'287',143103692000,129998467000),(20,'288',186608348000,217059239000),(21,'289',0,0),(22,'290',0,0),(23,'291',0,0),(24,'292',0,0),(25,'293',0,0),(26,'294',23108541947,41872919587),(27,'295',22420213505,40219013945),(28,'296',3493800362,-4439501107),(29,'60',305521,207093),(30,'61',235881,441996),(31,'62',17953,168267),(32,'63',17542,160567),(33,'64',9295,98239),(34,'65',184823996268,82443397486),(35,'66',85197796052,118624861431),(36,'67',55659579109,64716673457),(37,'68',103846119747,66955102148),(38,'69',0,0),(39,'70',0,0),(40,'71',0,0),(41,'72',0,0),(42,'73',0,0),(43,'74',0,0),(44,'75',0,0),(45,'76',0,0),(46,'77',0,0),(47,'78',0,0),(48,'79',0,0),(49,'80',0,0),(50,'208',13461390268,20616807911),(51,'209',13146662933,18795844364),(52,'210',25338977283,27265278443),(53,'211',16321601003,19112110872),(54,'212',16079668808,17517411861),(55,'213',12465187982,13405500208),(56,'214',9507231802,8131447737),(57,'215',11296591678,4412074410),(58,'216',9188078306,9337183601),(59,'143',73151503304,25121771742),(60,'144',56597485893,14694503598),(61,'145',38333983233,31350430334),(62,'146',49676788834,32382406286),(63,'147',53638355425,22964319475),(64,'148',52768847738,28157630057),(65,'149',32442756871,26633183404),(66,'150',23409620357,17877004877),(67,'151',34346966721,14415883316),(68,'152',37553642981,16954780267),(69,'153',0,0),(70,'154',0,0),(71,'155',0,0),(72,'156',298829230839,0),(73,'157',209802019000,0),(74,'158',104003203,0),(75,'159',86967629000,0),(76,'160',10402000000,0),(77,'161',88612000000,0),(78,'184',18270000000,12617000000),(79,'185',12261000000,12809000000),(80,'186',9484000000,21650000000),(81,'187',15293000000,12681000000),(82,'188',9866000000,8472000000),(83,'189',8196000000,6554000000),(84,'190',7169000000,11092000000),(85,'191',5592000000,11099000000),(86,'192',15766000000,2403000000),(87,'124',134950375683,112899058213),(88,'125',215729594605,218849806088),(89,'126',170586103217,239335190779),(90,'127',268246526576,261715030383),(91,'128',127547421471,2350033967808),(92,'129',44390707000,63504683000),(93,'130',0,0),(94,'131',0,0),(95,'132',0,0),(96,'133',0,0),(97,'134',0,0),(98,'135',0,0),(99,'136',0,0),(100,'137',0,0),(101,'138',0,0),(102,'139',27540743550,38682642614),(103,'140',19320789463,24337216586),(104,'141',23219774852,76345331976),(105,'142',14348567102,-86783081138),(106,'163',3737494000000,3505673000000),(107,'164',4075602000000,4102094000000),(108,'165',5803751000000,5622119000000),(109,'166',4917385000000,4714115000000),(110,'167',4289118000000,3733845000000),(111,'168',3918900000000,3846744000000),(112,'169',3204014000000,3205690000000),(113,'170',0,0),(114,'171',4455961000000,4350770000000),(115,'172',0,0),(116,'173',0,0),(117,'174',0,0),(118,'175',0,0),(119,'176',0,0),(120,'177',0,0),(121,'178',0,0),(122,'179',0,0),(123,'180',0,0),(124,'181',0,0),(125,'182',0,0),(126,'183',0,0),(127,'7200029',7015307010,27364477909),(128,'6614426',4608848479,24397786783),(129,'6035351',3689604429,23923290883),(130,'5536720',6276668036,29640506821),(131,'5020982',5926211886,36181722715),(132,'4564108',6554392894,38046961322),(133,'4117436',4916185512,40940530546),(134,'3763765',3607870613,43747670691),(135,'3337491',4931974868,46098588432),(136,'2966088',0,0),(137,'2580537',0,0),(138,'2181413',0,0),(139,'7203854',22086000000,65628000000),(140,'6580893',10632000000,63588000000),(141,'6117728',12492000000,56893000000),(142,'5535520',15897000000,59235000000),(143,'5102576',9904000000,76373000000),(144,'4675835',5117000000,110942000000),(145,'4120494',33377000000,174035000000),(146,'3777491',59121000000,152318000000),(147,'3475812',34103000000,93474000000),(148,'2969003',40639000000,61742000000),(149,'2595911',34183000000,31106000000),(150,'2194166',0,0),(151,'1927858',0,0),(152,'600',7085429562,0),(153,'601',6677072741,0),(154,'602',5001233427,0),(155,'297',89590887345,33368900583),(156,'298',74317005879,14272859092),(157,'299',40837458641,38998306242),(158,'263',267155641370,47629623696),(159,'264',153034308231,89121314522),(160,'265',93711227928,7556656611),(161,'266',48787132074,12294392453),(162,'267',50553729,12237118),(163,'268',55493313512,133759001670),(164,'269',89516728522,9862019668),(165,'270',88855831351,-18759018794),(166,'271',0,0),(167,'272',0,0),(168,'273',0,0),(169,'274',0,0),(170,'275',0,0),(171,'276',0,0),(172,'277',0,0),(173,'278',0,0),(174,'279',0,0),(175,'280',0,0),(176,'118',9340687044,18465213604),(177,'119',5454889006,31229696147),(178,'120',17980381253,47069672175),(179,'121',10286506716,35694298297),(180,'122',12125991047,37999441188),(181,'123',18260980769,30043096147),(182,'307',7038832467,7038832467),(183,'308',9250736973,16793630890),(184,'309',6039169293,16189147465),(185,'310',5791424391,-18163794154),(186,'311',8048947024,-26259755759),(187,'312',6679904847,-26604206600),(188,'313',8710461748,-29951901936),(189,'314',5211089603,-78369612483),(190,'315',5447421593,-77336364808),(191,'316',0,0),(192,'317',0,0),(193,'318',0,0),(194,'319',0,0),(195,'320',27722097781,0),(196,'103',29051435722,858008726),(197,'104',7769075731,403213760),(198,'105',45500185929,6498213472),(199,'106',64880423682,648823971),(200,'107',23195839903,1339636826),(201,'108',61675659031,2922890282),(202,'109',24653393976,4868788277),(203,'110',6291829556,4118019091),(204,'111',12005260764,-3997014072),(205,'112',0,0),(206,'113',0,0),(207,'258',11658504598,18857245004),(208,'259',3863255402,18237718781),(209,'260',861918945,7780401383),(210,'261',737816093,4144174438),(211,'262',594236813,6477405111),(212,'14',40659,129754),(213,'15',33984,122772),(214,'16',26003,138456),(215,'17',34636,154270),(216,'18',40397,223663),(217,'19',39259,274277),(218,'20',58400,-255715),(219,'21',69421,307164),(220,'22',70489,184687),(221,'23',44664000000,128938000000),(222,'24',0,0),(223,'25',0,0),(224,'26',0,0),(225,'27',0,0),(226,'28',0,0),(227,'29',0,0),(228,'30',0,0),(229,'31',0,0),(230,'32',0,0),(231,'33',0,0),(232,'34',0,0),(233,'246',20933088081,66875841384),(234,'247',18292862661,57772705678),(235,'248',17087225611,41627488336),(236,'249',14662781844,45665611471),(237,'250',13724783788,55310855875),(238,'251',17989530199,83686083005),(239,'252',21224703737,110433402925),(240,'253',18509815463,111508490412),(241,'254',26240824651,124053586100),(242,'255',102187556807,74221881267),(243,'256',0,0),(244,'257',0,0),(245,'37',2970,18144),(246,'38',8013,31045),(247,'39',3426,-18903),(248,'40',3105,-19520),(249,'41',3692,-19709),(250,'42',4453,-16527),(251,'43',5447,-15276),(252,'44',7238,-14809),(253,'45',6775,14896),(254,'46',9318000000,-15134000000),(255,'47',0,0),(256,'1',7880599485,4250335888),(257,'2',11422758377,4691619235),(258,'3',10751165977,5862105401),(259,'4',10472720933,-5453720520),(260,'5',11358869122,-5927837970),(261,'6',14597831771,-6355251856),(262,'7',12672476280,-5470373238),(263,'8',6437577516,-4934311998),(264,'9',8930338727,-4743114424),(265,'10',0,0),(266,'11',0,0),(267,'12',0,0),(268,'13',0,0),(269,'245',0,0),(270,'7203148',28117553450,61048519430),(271,'6787549',24693540863,48256566652),(272,'6787622',11638964264,45406453250),(273,'5541087',28102868033,48524728434),(274,'5017900',9971452054,52710055028),(275,'4560241',18420667241,59706661251),(276,'4115599',20626528621,61087768507),(277,'3710763',16918547021,-70690196794),(278,'3336672',8958435119,-75176497682),(279,'2967198',0,0),(280,'619',6018259406,13435508322),(281,'620',5463423860,10046330470),(282,'621',2430140445,6667608247),(283,'622',2834720425,3437835382),(284,'623',3588526577,3548201548),(285,'624',4267844915,4525509305),(286,'625',1615951770,3466398328),(287,'7207697',54137000050,18938613896),(288,'6618059',80226246776,36131378891),(289,'6036390',43324411407,51795287720),(290,'5542885',29746932869,21506807125),(291,'5019278',11103274723,3086930451),(292,'4669554',6270909940,128948191),(293,'4116412',12132993765,5096487760),(294,'3703838',10223262333,2411673587),(295,'3338768',23971211592,38489252),(296,'2952369',0,0),(297,'2583041',0,0),(298,'2179726',0,0),(299,'1868083',0,0),(300,'1573014',28840222955,0),(301,'1319228',-21879627678,0),(302,'1087997',-11968482144,0),(303,'853220',29325509398,0),(304,'561597',4546840920,0),(305,'346361',-27691322726,0),(306,'177433',1347561129,0),(307,'48478',12690707961,0),(308,'7207496',22570699742,-25091913806),(309,'6824685',20844492473,-42878628991),(310,'6055609',11535219374,-32964497199),(311,'5781024',13582580512,-29589075626),(312,'5781007',7446649010,-10480546404),(313,'4692159',5452620576,-6527385032),(314,'4231437',3854049005,-9402471373),(315,'3711091',1730766673,-17431821268),(316,'3334723',1321307309,7141682087),(317,'2967078',0,0),(318,'2589582',0,0),(319,'2180751',0,0),(320,'1862251',0,0),(321,'604',12242335961,3710643238),(322,'605',12642280587,4090898888),(323,'606',23045073476,6733781338),(324,'607',32009794228,6700135092),(325,'608',32839673945,6585124649),(326,'7206752',10409000000,5022000000),(327,'6583853',9544000000,2446000000),(328,'6039604',5084000000,4219000000),(329,'5541905',6562000000,7033000000),(330,'5021306',2915000000,15226000000),(331,'4552281',11965000000,8506000000),(332,'4229523',6406000000,7156000000),(333,'3788045',1647000000,3666000000),(334,'2958662',0,0),(335,'1046018',7586245898,0),(336,'809637',-12126215610,0),(337,'579242',-19082659427,0),(338,'373025',3809517277,0),(339,'177802',18230770629,0),(340,'634',31370828,110227537),(341,'635',31816354,99096673),(342,'636',22523510,80473176),(343,'6840042',1670375766,666738819),(344,'7207050',1427411185,309143986),(345,'637',67979711558,122754955093),(346,'638',34793949673,63062076188),(347,'7191348',3006423082,45563061545),(348,'6602305',3749090124,39028004399),(349,'6102778',1815311200,38427244014),(350,'5524024',13522596605,39465846255),(351,'5012906',2636837051,43494801786),(352,'4549292',8439413240,51177435689),(353,'4231029',33419624610,58647054152),(354,'3697001',42652592002,76733385947),(355,'3337958',26686544924,41517627191),(356,'2961248',0,0),(357,'2591702',0,0),(358,'2184020',0,0),(359,'1865008',0,0),(360,'1564425',52585332919,0),(361,'1317428',303954048987,0),(362,'1005499',59075217751,0),(363,'967854',1252128647844,0),(364,'734347',919030262002,0),(365,'490494',193865110017,0),(366,'281978',3006423082,45563061545),(367,'124755',3006423082,45563061545),(368,'24699',41866309475,0),(369,'626',61167840839,119700050513),(370,'627',72404434510,96922712279),(371,'628',106805307061,92511031826),(372,'629',83444467946,117369770078),(373,'630',98196811447,104414885057),(374,'631',54274055467,53900853119),(375,'632',29679755633,41026422508),(376,'633',12056836295,26493838700),(377,'37746',0,0),(378,'172729',0,0),(379,'343986',0,0),(380,'560901',0,0),(381,'799313',0,0),(382,'1023809',0,0),(383,'1317923',0,0),(384,'1555308',0,0),(385,'1849446',0,0),(386,'2167303',0,0),(387,'2582286',0,0),(388,'2951573',0,0),(389,'3319708',50787172898,27158839349),(390,'3712086',45917832034,45765361202),(391,'4117481',33287236160,42037073768),(392,'4543156',29650969606,37292630889),(393,'5011003',27312627527,39165027733),(394,'5521041',24166187678,39370515525),(395,'6036033',26474299200,16338479597),(396,'6599141',30356843254,20972924523),(397,'7191672',56451731777,57627555054),(398,'7187522',12623745054,5140300303),(399,'6798750',11184473670,545687857),(400,'6048249',10138447371,1967000583),(401,'5515699',11234161674,1416276732),(402,'5004571',9596403803,775640637),(403,'4682199',11977934307,1541424020),(404,'4120065',10883755649,3485370411),(405,'3696623',10226439119,283174551),(406,'3326448',6120450137,886302958),(407,'2960536',0,0),(408,'2591096',0,0),(409,'609',131644674345,158059663196),(410,'610',78007692132,99561121514),(411,'611',138283406922,156645987375),(412,'612',87423076492,145136503424),(413,'613',412573525143,148314213322),(414,'614',64378979493,135987573344),(415,'615',101043393476,167116021926),(416,'616',162870181803,245338581926),(417,'617',149955024940,199875404784),(418,'300',12757883000,7215452000),(419,'301',12270069000,6691211000),(420,'302',31893538000,11303074000),(421,'303',8301248000,4481168000),(422,'82',10125532303,115229581),(423,'83',9228755958,73037432),(424,'84',7833982797,224112564),(425,'85',8711084345,52918524),(426,'86',75893472129,199937462),(427,'87',77361188453,115290837),(428,'88',77587668626,31919306),(429,'89',77782026944,1466802),(430,'90',73283692606,1863957),(431,'91',0,0),(432,'92',0,0),(433,'93',0,0),(434,'94',0,0),(435,'95',0,0),(436,'96',0,0),(437,'97',0,0),(438,'98',0,0),(439,'99',0,0),(440,'100',0,0),(441,'101',0,0),(442,'102',0,0),(443,'900',13167595730,83061647220),(444,'901',15701420181,9767155419),(445,'902',8226231526,41189228857),(446,'903',13435373216,16653924001),(447,'904',33054833344,20697174353),(448,'905',14047423716,19084736973),(449,'906',13668850996,18574594649),(450,'7199600',4959881237,2141049217),(451,'6610278',31776633984,5789838578),(452,'6036951',18388125373,5165091723),(453,'5518129',22997063974,2117032830),(454,'5017613',31900897246,5207990453),(455,'4546260',27890742595,282065800),(456,'7201830',12824142811,10323227787),(457,'6607424',10818953768,8963404895),(458,'6057726',3700787824,12267884679),(459,'5527493',5861341307,7063080499),(460,'5022544',286232795,2135104844),(461,'4630180',238237765,2124973256),(462,'7193204',1012992918,3530972867),(463,'6616246',759489819,3677872787),(464,'6050402',707657187,3687455376),(465,'5527785',294451622,-4174248735),(466,'5023963',939130916,-4354754095),(467,'4544624',980829072,-5748228526),(468,'4214504',60322900,-968532222),(469,'1861663',0,0),(470,'2194750',0,0),(471,'2593357',0,0),(472,'2967040',0,0),(473,'3337442',253846390,154045653),(474,'3790109',158323265,152298885),(475,'4216109',243409615,144900229),(476,'4673624',60029916,158098505),(477,'5026368',81340193,143738614),(478,'5542370',129185358,160826921),(479,'6039269',339750251,158012850),(480,'6612758',204747646,136805326),(481,'7201801',133963266,318417993),(482,'193',17289400049,8850290437),(483,'194',21096127600,11076070640),(484,'195',9002870769,20662584702),(485,'196',10196398229,13103808863),(486,'197',15607938426,33035069768),(487,'198',20876716297,48104845325),(488,'199',23669927412,34080752024),(489,'200',8009682894,16878216401),(490,'201',9519847189,2848076922),(491,'202',0,0),(492,'203',0,0),(493,'204',0,0),(494,'205',0,0),(495,'206',0,0),(496,'207',0,0),(497,'6052691',2545865418,1756553188),(498,'6611119',14453833515,7024644666),(499,'7202425',19594442614,19880540505),(500,'4692819',17760567842,5971595647),(501,'5021863',23245214764,6202324764),(502,'5554925',23468135993,9460139788),(503,'6051743',8190577721,1387338086),(504,'6609311',9807680745,0),(505,'7197562',8610186299,1106257706),(506,'217',14048528444,3656813524),(507,'218',12588587984,1865412220),(508,'219',13207778002,1240629915),(509,'220',15239489160,926733648),(510,'221',15054258407,1296461597),(511,'222',14167754041,1138105515),(512,'223',11626773472,930849889),(513,'224',11880777686,-586018413),(514,'225',11022102379,-460235243),(515,'226',0,0),(516,'227',0,0),(517,'228',0,0),(518,'229',0,0),(519,'230',0,0),(520,'231',3318102493,1293730491),(521,'232',2685407824,701161251),(522,'233',827169719,816552356);
/*!40000 ALTER TABLE `financial` ENABLE KEYS */;
UNLOCK TABLES;

--
-- Table structure for table `income_statement`
--

DROP TABLE IF EXISTS `income_statement`;
/*!40101 SET @saved_cs_client     = @@character_set_client */;
/*!50503 SET character_set_client = utf8mb4 */;
CREATE TABLE `income_statement` (
  `dcm_no` varchar(20) NOT NULL,
  `operating_id` bigint(20) DEFAULT NULL,
  `other_id` bigint(20) DEFAULT NULL,
  `financial_id` bigint(20) DEFAULT NULL,
  `net_profit_id` bigint(20) DEFAULT NULL,
  PRIMARY KEY (`dcm_no`),
  KEY `income_statement_financial_financial_id_fk` (`financial_id`),
  KEY `income_statement_net_profit_net_profit_id_fk` (`net_profit_id`),
  KEY `income_statement_operating_operating_id_fk` (`operating_id`),
  KEY `income_statement_other_other_id_fk` (`other_id`),
  CONSTRAINT `income_statement_fin_state_dcm_info_dcm_no_fk` FOREIGN KEY (`dcm_no`) REFERENCES `fin_state_dcm_info` (`dcm_no`),
  CONSTRAINT `income_statement_financial_financial_id_fk` FOREIGN KEY (`financial_id`) REFERENCES `financial` (`financial_id`) ON DELETE CASCADE,
  CONSTRAINT `income_statement_net_profit_net_profit_id_fk` FOREIGN KEY (`net_profit_id`) REFERENCES `net_profit` (`net_profit_id`) ON DELETE CASCADE,
  CONSTRAINT `income_statement_operating_operating_id_fk` FOREIGN KEY (`operating_id`) REFERENCES `operating` (`operating_id`) ON DELETE CASCADE,
  CONSTRAINT `income_statement_other_other_id_fk` FOREIGN KEY (`other_id`) REFERENCES `other` (`other_id`) ON DELETE CASCADE
) ENGINE=InnoDB DEFAULT CHARSET=utf8;
/*!40101 SET character_set_client = @saved_cs_client */;

--
-- Dumping data for table `income_statement`
--

LOCK TABLES `income_statement` WRITE;
/*!40000 ALTER TABLE `income_statement` DISABLE KEYS */;
INSERT INTO `income_statement` (`dcm_no`, `operating_id`, `other_id`, `financial_id`, `net_profit_id`) VALUES ('1',256,256,256,256),('10',265,265,265,265),('100',440,440,440,440),('1005499',362,362,362,362),('101',441,441,441,441),('102',442,442,442,442),('1023809',382,382,382,382),('103',196,196,196,196),('104',197,197,197,197),('1046018',335,335,335,335),('105',198,198,198,198),('106',199,199,199,199),('107',200,200,200,200),('108',201,201,201,201),('1087997',302,302,302,302),('109',202,202,202,202),('11',266,266,266,266),('110',203,203,203,203),('111',204,204,204,204),('112',205,205,205,205),('113',206,206,206,206),('118',176,176,176,176),('119',177,177,177,177),('12',267,267,267,267),('120',178,178,178,178),('121',179,179,179,179),('122',180,180,180,180),('123',181,181,181,181),('124',87,87,87,87),('124755',367,367,367,367),('125',88,88,88,88),('126',89,89,89,89),('127',90,90,90,90),('128',91,91,91,91),('129',92,92,92,92),('13',268,268,268,268),('130',93,93,93,93),('131',94,94,94,94),('1317428',361,361,361,361),('1317923',383,383,383,383),('1319228',301,301,301,301),('132',95,95,95,95),('133',96,96,96,96),('134',97,97,97,97),('135',98,98,98,98),('136',99,99,99,99),('137',100,100,100,100),('138',101,101,101,101),('139',102,102,102,102),('14',212,212,212,212),('140',103,103,103,103),('141',104,104,104,104),('142',105,105,105,105),('143',59,59,59,59),('144',60,60,60,60),('145',61,61,61,61),('146',62,62,62,62),('147',63,63,63,63),('148',64,64,64,64),('149',65,65,65,65),('15',213,213,213,213),('150',66,66,66,66),('151',67,67,67,67),('152',68,68,68,68),('153',69,69,69,69),('154',70,70,70,70),('155',71,71,71,71),('1555308',384,384,384,384),('156',72,72,72,72),('1564425',360,360,360,360),('157',73,73,73,73),('1573014',300,300,300,300),('158',74,74,74,74),('159',75,75,75,75),('16',214,214,214,214),('160',76,76,76,76),('161',77,77,77,77),('163',106,106,106,106),('164',107,107,107,107),('165',108,108,108,108),('166',109,109,109,109),('167',110,110,110,110),('168',111,111,111,111),('169',112,112,112,112),('17',215,215,215,215),('170',113,113,113,113),('171',114,114,114,114),('172',115,115,115,115),('172729',378,378,378,378),('173',116,116,116,116),('174',117,117,117,117),('175',118,118,118,118),('176',119,119,119,119),('177',120,120,120,120),('177433',306,306,306,306),('177802',339,339,339,339),('178',121,121,121,121),('179',122,122,122,122),('18',216,216,216,216),('180',123,123,123,123),('181',124,124,124,124),('182',125,125,125,125),('183',126,126,126,126),('184',78,78,78,78),('1849446',385,385,385,385),('185',79,79,79,79),('186',80,80,80,80),('1861663',469,469,469,469),('1862251',320,320,320,320),('1865008',359,359,359,359),('1868083',299,299,299,299),('187',81,81,81,81),('188',82,82,82,82),('189',83,83,83,83),('19',217,217,217,217),('190',84,84,84,84),('191',85,85,85,85),('192',86,86,86,86),('1927858',151,151,151,151),('193',482,482,482,482),('194',483,483,483,483),('195',484,484,484,484),('196',485,485,485,485),('197',486,486,486,486),('198',487,487,487,487),('199',488,488,488,488),('2',257,257,257,257),('20',218,218,218,218),('200',489,489,489,489),('201',490,490,490,490),('202',491,491,491,491),('203',492,492,492,492),('204',493,493,493,493),('205',494,494,494,494),('206',495,495,495,495),('207',496,496,496,496),('208',50,50,50,50),('209',51,51,51,51),('21',219,219,219,219),('210',52,52,52,52),('211',53,53,53,53),('212',54,54,54,54),('213',55,55,55,55),('214',56,56,56,56),('215',57,57,57,57),('216',58,58,58,58),('2167303',386,386,386,386),('217',506,506,506,506),('2179726',298,298,298,298),('218',507,507,507,507),('2180751',319,319,319,319),('2181413',138,138,138,138),('2184020',358,358,358,358),('219',508,508,508,508),('2194166',150,150,150,150),('2194750',470,470,470,470),('22',220,220,220,220),('220',509,509,509,509),('221',510,510,510,510),('222',511,511,511,511),('223',512,512,512,512),('224',513,513,513,513),('225',514,514,514,514),('226',515,515,515,515),('227',516,516,516,516),('228',517,517,517,517),('229',518,518,518,518),('23',221,221,221,221),('230',519,519,519,519),('231',520,520,520,520),('232',521,521,521,521),('233',522,522,522,522),('234',1,1,1,1),('235',2,2,2,2),('236',3,3,3,3),('237',4,4,4,4),('238',5,5,5,5),('239',6,6,6,6),('24',222,222,222,222),('240',7,7,7,7),('241',8,8,8,8),('242',9,9,9,9),('243',10,10,10,10),('244',11,11,11,11),('245',269,269,269,269),('246',233,233,233,233),('24699',368,368,368,368),('247',234,234,234,234),('248',235,235,235,235),('249',236,236,236,236),('25',223,223,223,223),('250',237,237,237,237),('251',238,238,238,238),('252',239,239,239,239),('253',240,240,240,240),('254',241,241,241,241),('255',242,242,242,242),('256',243,243,243,243),('257',244,244,244,244),('258',207,207,207,207),('2580537',137,137,137,137),('2582286',387,387,387,387),('2583041',297,297,297,297),('2589582',318,318,318,318),('259',208,208,208,208),('2591096',408,408,408,408),('2591702',357,357,357,357),('2593357',471,471,471,471),('2595911',149,149,149,149),('26',224,224,224,224),('260',209,209,209,209),('261',210,210,210,210),('262',211,211,211,211),('263',158,158,158,158),('264',159,159,159,159),('265',160,160,160,160),('266',161,161,161,161),('267',162,162,162,162),('268',163,163,163,163),('269',164,164,164,164),('27',225,225,225,225),('270',165,165,165,165),('271',166,166,166,166),('272',167,167,167,167),('273',168,168,168,168),('274',169,169,169,169),('275',170,170,170,170),('276',171,171,171,171),('277',172,172,172,172),('278',173,173,173,173),('279',174,174,174,174),('28',226,226,226,226),('280',175,175,175,175),('281',13,13,13,13),('281978',366,366,366,366),('282',14,14,14,14),('283',15,15,15,15),('284',16,16,16,16),('285',17,17,17,17),('286',18,18,18,18),('287',19,19,19,19),('288',20,20,20,20),('289',21,21,21,21),('29',227,227,227,227),('290',22,22,22,22),('291',23,23,23,23),('292',24,24,24,24),('293',25,25,25,25),('294',26,26,26,26),('295',27,27,27,27),('2951573',388,388,388,388),('2952369',296,296,296,296),('2958662',334,334,334,334),('296',28,28,28,28),('2960536',407,407,407,407),('2961248',356,356,356,356),('2966088',136,136,136,136),('2967040',472,472,472,472),('2967078',317,317,317,317),('2967198',279,279,279,279),('2969003',148,148,148,148),('297',155,155,155,155),('298',156,156,156,156),('299',157,157,157,157),('3',258,258,258,258),('30',228,228,228,228),('300',418,418,418,418),('301',419,419,419,419),('302',420,420,420,420),('303',421,421,421,421),('304',NULL,NULL,NULL,NULL),('305',NULL,NULL,NULL,NULL),('306',NULL,NULL,NULL,NULL),('307',182,182,182,182),('308',183,183,183,183),('309',184,184,184,184),('31',229,229,229,229),('310',185,185,185,185),('311',186,186,186,186),('312',187,187,187,187),('313',188,188,188,188),('314',189,189,189,189),('315',190,190,190,190),('316',191,191,191,191),('317',192,192,192,192),('318',193,193,193,193),('319',194,194,194,194),('32',230,230,230,230),('320',195,195,195,195),('33',231,231,231,231),('3319708',389,389,389,389),('3326448',406,406,406,406),('3334723',316,316,316,316),('3336672',278,278,278,278),('3337442',473,473,473,473),('3337491',135,135,135,135),('3337958',355,355,355,355),('3338768',295,295,295,295),('3369106',NULL,NULL,NULL,NULL),('34',232,232,232,232),('343986',379,379,379,379),('346361',305,305,305,305),('3475812',147,147,147,147),('3696623',405,405,405,405),('3697001',354,354,354,354),('37',245,245,245,245),('3703838',294,294,294,294),('3710763',277,277,277,277),('3711091',315,315,315,315),('3712086',390,390,390,390),('373025',338,338,338,338),('3763765',134,134,134,134),('37746',377,377,377,377),('3777491',146,146,146,146),('3788045',333,333,333,333),('3790109',474,474,474,474),('38',246,246,246,246),('39',247,247,247,247),('4',259,259,259,259),('40',248,248,248,248),('41',249,249,249,249),('4115599',276,276,276,276),('4116412',293,293,293,293),('4117436',133,133,133,133),('4117481',391,391,391,391),('4120065',404,404,404,404),('4120494',145,145,145,145),('42',250,250,250,250),('4214504',468,468,468,468),('4216109',475,475,475,475),('4229523',332,332,332,332),('4231029',353,353,353,353),('4231437',314,314,314,314),('43',251,251,251,251),('44',252,252,252,252),('45',253,253,253,253),('4543156',392,392,392,392),('4544624',467,467,467,467),('4546260',455,455,455,455),('4549292',352,352,352,352),('4552281',331,331,331,331),('4560241',275,275,275,275),('4564108',132,132,132,132),('46',254,254,254,254),('4630180',461,461,461,461),('4669554',292,292,292,292),('4673624',476,476,476,476),('4675835',144,144,144,144),('4682199',403,403,403,403),('4692159',313,313,313,313),('4692819',500,500,500,500),('47',255,255,255,255),('48478',307,307,307,307),('490494',365,365,365,365),('5',260,260,260,260),('5004571',402,402,402,402),('5011003',393,393,393,393),('5012906',351,351,351,351),('5017613',454,454,454,454),('5017900',274,274,274,274),('5019278',291,291,291,291),('5020982',131,131,131,131),('5021306',330,330,330,330),('5021863',501,501,501,501),('5022544',460,460,460,460),('5023963',466,466,466,466),('5026368',477,477,477,477),('5102576',143,143,143,143),('5515699',401,401,401,401),('5518129',453,453,453,453),('5521041',394,394,394,394),('5524024',350,350,350,350),('5527493',459,459,459,459),('5527785',465,465,465,465),('5535520',142,142,142,142),('5536720',130,130,130,130),('5541087',273,273,273,273),('5541905',329,329,329,329),('5542370',478,478,478,478),('5542885',290,290,290,290),('5554925',502,502,502,502),('560901',380,380,380,380),('561597',304,304,304,304),('5781007',312,312,312,312),('5781024',311,311,311,311),('579242',337,337,337,337),('6',261,261,261,261),('60',29,29,29,29),('600',152,152,152,152),('601',153,153,153,153),('602',154,154,154,154),('603',12,12,12,12),('6035351',129,129,129,129),('6036033',395,395,395,395),('6036390',289,289,289,289),('6036951',452,452,452,452),('6039269',479,479,479,479),('6039604',328,328,328,328),('604',321,321,321,321),('6048249',400,400,400,400),('605',322,322,322,322),('6050402',464,464,464,464),('6051743',503,503,503,503),('6052691',497,497,497,497),('6055609',310,310,310,310),('6057726',458,458,458,458),('606',323,323,323,323),('607',324,324,324,324),('608',325,325,325,325),('609',409,409,409,409),('61',30,30,30,30),('610',410,410,410,410),('6102778',349,349,349,349),('611',411,411,411,411),('6117728',141,141,141,141),('612',412,412,412,412),('613',413,413,413,413),('614',414,414,414,414),('615',415,415,415,415),('616',416,416,416,416),('617',417,417,417,417),('619',280,280,280,280),('62',31,31,31,31),('620',281,281,281,281),('621',282,282,282,282),('622',283,283,283,283),('623',284,284,284,284),('624',285,285,285,285),('625',286,286,286,286),('626',369,369,369,369),('627',370,370,370,370),('628',371,371,371,371),('629',372,372,372,372),('63',32,32,32,32),('630',373,373,373,373),('631',374,374,374,374),('632',375,375,375,375),('633',376,376,376,376),('634',340,340,340,340),('635',341,341,341,341),('636',342,342,342,342),('637',345,345,345,345),('638',346,346,346,346),('64',33,33,33,33),('65',34,34,34,34),('6580893',140,140,140,140),('6583853',327,327,327,327),('6599141',396,396,396,396),('66',35,35,35,35),('6602305',348,348,348,348),('6607424',457,457,457,457),('6609311',504,504,504,504),('6610278',451,451,451,451),('6611119',498,498,498,498),('6612758',480,480,480,480),('6614426',128,128,128,128),('6616246',463,463,463,463),('6618059',288,288,288,288),('67',36,36,36,36),('6787549',271,271,271,271),('6787622',272,272,272,272),('6798750',399,399,399,399),('68',37,37,37,37),('6824685',309,309,309,309),('6840042',343,343,343,343),('69',38,38,38,38),('7',262,262,262,262),('70',39,39,39,39),('71',40,40,40,40),('7187522',398,398,398,398),('7191348',347,347,347,347),('7191672',397,397,397,397),('7193204',462,462,462,462),('7197562',505,505,505,505),('7199600',450,450,450,450),('72',41,41,41,41),('7200029',127,127,127,127),('7201801',481,481,481,481),('7201830',456,456,456,456),('7202425',499,499,499,499),('7203148',270,270,270,270),('7203854',139,139,139,139),('7206752',326,326,326,326),('7207050',344,344,344,344),('7207496',308,308,308,308),('7207697',287,287,287,287),('73',42,42,42,42),('734347',364,364,364,364),('74',43,43,43,43),('75',44,44,44,44),('76',45,45,45,45),('77',46,46,46,46),('78',47,47,47,47),('79',48,48,48,48),('799313',381,381,381,381),('8',263,263,263,263),('80',49,49,49,49),('809637',336,336,336,336),('82',422,422,422,422),('83',423,423,423,423),('84',424,424,424,424),('85',425,425,425,425),('853220',303,303,303,303),('86',426,426,426,426),('87',427,427,427,427),('88',428,428,428,428),('89',429,429,429,429),('9',264,264,264,264),('90',430,430,430,430),('900',443,443,443,443),('901',444,444,444,444),('902',445,445,445,445),('903',446,446,446,446),('904',447,447,447,447),('905',448,448,448,448),('906',449,449,449,449),('91',431,431,431,431),('92',432,432,432,432),('93',433,433,433,433),('94',434,434,434,434),('95',435,435,435,435),('96',436,436,436,436),('967854',363,363,363,363),('97',437,437,437,437),('98',438,438,438,438),('99',439,439,439,439);
/*!40000 ALTER TABLE `income_statement` ENABLE KEYS */;
UNLOCK TABLES;

--
-- Table structure for table `individual_cash_flow`
--

DROP TABLE IF EXISTS `individual_cash_flow`;
/*!40101 SET @saved_cs_client     = @@character_set_client */;
/*!50503 SET character_set_client = utf8mb4 */;
CREATE TABLE `individual_cash_flow` (
  `individual_cash_flow_id` bigint(20) NOT NULL,
  `dcm_no` varchar(20) DEFAULT NULL,
  `cash_flows_from_operating_activities` bigint(20) DEFAULT '0',
  `cash_flows_from_investing_activities` bigint(20) DEFAULT '0',
  `cash_flows_from_financing_activities` bigint(20) DEFAULT '0',
  `cash_flow_from_foreign_currency_translation` bigint(20) DEFAULT '0',
  PRIMARY KEY (`individual_cash_flow_id`),
  KEY `individual_cash_flow_ibfk_1` (`dcm_no`),
  CONSTRAINT `individual_cash_flow_ibfk_1` FOREIGN KEY (`dcm_no`) REFERENCES `cash_flow_statement` (`dcm_no`) ON DELETE CASCADE
) ENGINE=InnoDB DEFAULT CHARSET=utf8;
/*!40101 SET character_set_client = @saved_cs_client */;

--
-- Dumping data for table `individual_cash_flow`
--

LOCK TABLES `individual_cash_flow` WRITE;
/*!40000 ALTER TABLE `individual_cash_flow` DISABLE KEYS */;
INSERT INTO `individual_cash_flow` (`individual_cash_flow_id`, `dcm_no`, `cash_flows_from_operating_activities`, `cash_flows_from_investing_activities`, `cash_flows_from_financing_activities`, `cash_flow_from_foreign_currency_translation`) VALUES (1,'234',59837965027,16476091537,-33458103508,-2419776403),(2,'235',73539710724,-40801845048,-48217294667,298193324),(3,'236',96095010599,-29044404312,-84174455571,-5132376135),(4,'237',111307193537,-114024873069,-32511906264,4446788179),(5,'238',125117100690,-119016084162,116427745591,2730733165),(6,'239',88643460326,-87695355981,-6589667567,2198123026),(7,'240',58060216673,-126963796942,96049203624,-573089595),(8,'241',77779490520,-146025377170,27237152641,-1438147774),(9,'242',0,-10176687312,3396610553,1283034166),(10,'243',45790185142,-91360980278,-6505300460,0),(11,'244',98168260139,-14168633149,-14374983694,0),(12,'603',634603000000,-2513092000000,1922159000000,0),(13,'281',1282223223000,-1376746647000,-95965509000,779192000),(14,'282',2104972221000,-1271783147000,-941599452000,-238858000),(15,'283',1898785919000,-1175401678000,-544722238000,-2245262000),(16,'284',172132927000,-283148375000,-460054243000,-737517000),(17,'285',597898021000,-77030600000,-773195000,-566919000),(18,'286',356139977000,-720473643000,-26426710000,896573000),(19,'287',428769778000,366845357000,-953730121000,-22233000),(20,'288',1156459362000,-1460549517000,-378279037000,-191300000),(21,'289',71613214000,-681638813000,752846570000,0),(22,'290',71613214,-681638813,752846570,0),(23,'291',1145307691000,-873151911000,-1672700905000,0),(24,'292',1529718487000,-2095142943000,3218507879000,0),(25,'293',284255734000,-531651988000,466162438000,0),(26,'294',94648183865,-156583767379,188905520796,0),(27,'295',0,-119792719145,50842116908,-80000000000),(28,'296',2458886171,-7341319416,34419120609,0),(29,'60',1276702,-980659,-362377,281),(30,'61',805319,-759172,-6760,-11),(31,'62',741768,-1750772,935815,-1292),(32,'63',650429,-712936,123512,123),(33,'64',69324,527974,-644819,146),(34,'65',179311329793,22924573059,-266769069966,361232929),(35,'66',88645748202,-70497070152,-195244457650,183654044),(36,'67',223571282286,-152042068306,122255639988,-77124809),(37,'68',0,-46086943648,-519321389114,-6676748),(38,'69',127080811547,39026095333,67090781361,0),(39,'70',106034587124,-124118209505,89937726467,0),(40,'71',125875407355,-373727169906,453917180612,0),(41,'72',95005070823,-421409445268,332910522790,0),(42,'73',252840731559,-201909836576,-87454381834,0),(43,'74',101678000000,-84584000000,136761000000,0),(44,'75',52593000000,-247145000000,197778000000,0),(45,'76',52924000000,-97625000000,45741000000,0),(46,'77',-19852430134,70409696064,-59006267715,0),(47,'78',121950233930,-117442284766,5111037548,0),(48,'79',109556617205,-100477010525,-9164196249,0),(49,'80',62260844960,-144477122401,32109396531,0),(50,'208',105486855847,-27724374939,-78946230257,0),(51,'209',109554564225,-60054420356,-48511889521,0),(52,'210',15480362984,-29016915904,14457097549,0),(53,'211',55813720386,-44328412996,-11314663799,0),(54,'212',47158768579,-67135647864,20984729894,0),(55,'213',13386925745,-77912898732,64389019459,0),(56,'214',24912284402,-115777087522,91014046768,0),(57,'215',64264402996,-115556660676,36521643743,0),(58,'216',0,-122982835660,104381077309,0),(59,'143',566601724295,-425375561441,-203493377608,-1821040750),(60,'144',972417154646,-646162020524,-154700372000,936568934),(61,'145',622788719048,-824607351292,-61601740574,-6932305795),(62,'146',271998060339,-97239630282,-41839999323,102745121),(63,'147',657490664065,-636866045857,-43037709240,982066853),(64,'148',840563536131,-730993489117,-24282665821,-3371626850),(65,'149',280874499471,-244627219854,-21790649172,-5320791306),(66,'150',472092665621,-184731689584,-18635355231,-3522083089),(67,'151',338467258199,-443218923785,-18059474560,-1130641523),(68,'152',447391760883,-411918651166,-14310742578,0),(69,'153',309510396331,-293740424320,-14839105800,0),(70,'154',81448058452,-161417771004,-15176304623,0),(71,'155',305950569370,-234240314965,-26823407085,0),(72,'156',289057855446,229902261421,70673263249,0),(73,'157',253303389000,-89925705000,-15041609000,0),(74,'158',61858815,-14606946,-7572094,0),(75,'159',98762076000,13618708000,19801976000,0),(76,'160',-15020914608,244993127482,316482205328,0),(77,'161',60749210095,-43906766415,-2985804343,0),(78,'184',83291000000,-244779000000,174026000000,3000000),(79,'185',28537000000,-5607000000,-24681000000,5000000),(80,'186',-98553000000,-208443000000,166676000000,-128000000),(81,'187',117516000000,-6302000000,-13479000000,3203000000),(82,'188',-243000000,-41893000000,-8970000000,8000000),(83,'189',56229000000,-49883000000,45487000000,-22000000),(84,'190',18094000000,17483000000,-5136000000,-17000000),(85,'191',2307000000,-22362000000,-13407000000,-40000000),(86,'192',12814000000,-5491000000,-50000000,-7000000),(87,'124',-22517277650,352708445669,-1454693554324,0),(88,'125',1610437944325,655631510755,-1885946455811,0),(89,'126',808859102224,113067055045,-869818446417,0),(90,'127',1288797193186,468352347416,-1246546354654,0),(91,'128',-344118798276,1795938949645,-447369489685,0),(92,'129',43308912000,158562879000,-67479543000,0),(93,'130',164272899000,-1256693627000,1133016300000,0),(94,'131',111523513000,-69738301000,-18139835000,0),(95,'132',151726705,-123578898,-144307132,0),(96,'133',65070755000,-175623203000,202077397000,0),(97,'134',65070755000,-175623203000,202077397000,0),(98,'135',104330000000,-73782000000,-41764000000,0),(99,'136',104330000000,-73782000000,-41764000000,0),(100,'137',3177000000,-67180000000,57261000000,0),(101,'138',37492000000,-26137000000,-7400000000,0),(102,'139',10153614976,339641932708,-239805574447,-2511225000),(103,'140',36787307675,-701194554155,323941060000,0),(104,'141',149816327598,265185302986,-287175629552,-75510226),(105,'142',-62661298033,-1372824475915,1631291650697,21661679),(106,'163',44341217000000,-31678548000000,-12818480000000,0),(107,'164',38906190000000,-28118806000000,-11801987000000,0),(108,'165',23984804000000,-14240450000000,-9037006000000,8063000000),(109,'166',19287521000000,-14003962000000,-3854887000000,-9030000000),(110,'167',18653817000000,-15951220000000,-3089586000000,0),(111,'168',28443058000000,-27325848000000,-1356325000000,0),(112,'169',23065604000000,-21206370000000,-2308543000000,0),(113,'170',17266913000000,-15561437000000,-813107000000,0),(114,'171',18145464000000,-17525376000000,-935946000000,0),(115,'172',12671949000000,-12405422000000,-484497000000,0),(116,'173',10633298000000,-9289692000000,-1010207000000,0),(117,'174',13264315000000,-9688355000000,-2527158000000,0),(118,'175',12874156000000,-10481229000000,-2468490000000,0),(119,'176',12790401000000,-9945264000000,-2749404000000,0),(120,'177',14804345000000,-8791658000000,-6323077000000,0),(121,'178',10271707000000,-7342589000000,-3070289000000,0),(122,'179',11193197000000,9162669000000,-2312111000000,0),(123,'180',6290782000000,-4228402342000,-2231031136000,0),(124,'181',9455818389000,-6186812439000,-2636813462000,0),(125,'182',7077732141000,-4189713464000,-2537955883000,0),(126,'183',5345951704000,4685575023000,-1277413106000,0),(127,'7200029',179681873880,-50323104694,-120562472025,0),(128,'6614426',77620686541,-67866818829,-8764109565,0),(129,'6035351',106086746968,-70971355782,-36917478377,0),(130,'5536720',180442744507,-110334693167,-76555259812,0),(131,'5020982',313954975715,-119983861058,-185941051759,0),(132,'4564108',10531892637,-95220047882,82770193602,0),(133,'4117436',103610546891,-136912028038,34142520341,0),(134,'3763765',157166128638,-151488726444,-19512479421,0),(135,'3337491',56899277950,-179718553497,119299172317,0),(136,'2966088',86550619883,-230662374161,115814327689,0),(137,'2580537',-37251129054,-89340334489,28663221118,0),(138,'2181413',215395762362,-27753484373,-54886185363,0),(139,'7203854',395477000000,-213575000000,-150458000000,5987000000),(140,'6580893',278729000000,-124105000000,-148928000000,6618000000),(141,'6117728',246185000000,-120222000000,-151342000000,-20908000000),(142,'5535520',240502000000,-81989000000,-193604000000,6243000000),(143,'5102576',310645000000,-41103000000,-437037000000,27213000000),(144,'4675835',408031000000,297201000000,-486204000000,14180000000),(145,'4120494',214050000000,89026000000,-331641000000,-817000000),(146,'3777491',-172574000000,-87694000000,140012000000,-12307000000),(147,'3475812',-140372000000,-74173000000,-41575000000,-125000000),(148,'2969003',19614000000,-161524000000,66533000000,-11344000000),(149,'2595911',-85607000000,-611363000000,917009000000,-38777000000),(150,'2194166',554623842141,-800571485578,161190969570,0),(151,'1927858',461216506060,-650350691699,629309599406,0),(152,'600',121293985176,-63504641436,-72756833865,-20333),(153,'601',0,-60979692236,-45208006489,-48745),(154,'602',0,-40221818002,-53033823967,-7812402),(155,'297',141204325177,13814050227,-222457553540,24239162707),(156,'298',68815550264,-322992745995,-184438008528,12281629815),(157,'299',194117535893,-1250281985225,2545075211750,-190250),(158,'263',1398627149171,-950630469318,-153370751111,8773769499),(159,'264',980430301789,-1009576123965,-316928641866,-675429709),(160,'265',911508643320,-1122126781599,465868760075,-1189467214),(161,'266',842858855457,-557336623859,-436568076930,-358064935),(162,'267',791566782,-656067074,-173836730,-110573),(163,'268',586877023849,-20334693871,-274180843050,292361486928),(164,'269',534085312583,-445090944545,-119862226507,-1328044975),(165,'270',561503722497,-710661198251,83599152083,-103226687),(166,'271',0,-300488223490,-183451743872,43553727),(167,'272',516737623074,-326216733950,-106813676649,0),(168,'273',277546828383,-267590199865,-59518458831,0),(169,'274',371667468670,95886352049,-242256815862,0),(170,'275',361557073751,-253372535999,-118832559191,0),(171,'276',203701448190,-242877624257,-691419970,0),(172,'277',128565995308,35546624696,-33092472162,0),(173,'278',104167893562,-141166493382,32962640729,0),(174,'279',64030600540,-85106243726,-946276675,0),(175,'280',33170437757,-48468537564,43739229555,0),(176,'118',-8337473585,-182449305514,213289127729,0),(177,'119',144097915465,-122991086296,-7756235007,0),(178,'120',183699399474,-170630931201,-16111306203,0),(179,'121',142284533527,-154345031113,5015080079,0),(180,'122',0,-226813520276,31334027868,0),(181,'123',88559706844,-112303290704,23527709907,0),(182,'307',130356270596,-105554235997,-274796068095,0),(183,'308',71509535171,-20985673446,-80162735144,0),(184,'309',251737320564,-52820327382,-27497271082,0),(185,'310',0,0,0,0),(186,'311',120303865567,-84763239511,-10611698315,0),(187,'312',195258460785,-52677407201,-99723296358,0),(188,'313',156728465267,-59261665164,-93225937567,0),(189,'314',59365033420,-36955079644,-233377059749,0),(190,'315',339654830063,-50433670276,-182053460325,0),(191,'316',114931000000,-42983000000,-1536000000,0),(192,'317',81578709796,-16716536006,-35393739500,0),(193,'318',89520329402,68440337037,16279737440,0),(194,'319',205578552516,19623405208,225852513120,0),(195,'320',88013685296,20328216306,14673750000,0),(196,'103',644770493,1107602483,-14200946713,-9481751),(197,'104',21236689630,6822121465,-12558373150,3204960),(198,'105',46819688196,-29051046882,-22040308593,-10154013),(199,'106',78019814784,-39592133026,-57993664216,11072840),(200,'107',40988468765,-16568880559,-38031378138,174639994),(201,'108',77645321529,-2266741449,-24984658671,-34709376),(202,'109',18397577060,-14363511535,-16903027551,24660960),(203,'110',20528320194,-38029012669,22536932191,24996),(204,'111',31786562638,-218814220227,189521128653,43455813),(205,'112',-18675076766,-89989778085,113923844041,0),(206,'113',15758625335,-25235206700,-8008296000,0),(207,'258',150401627711,-145849804447,-30239803496,-481493),(208,'259',-113998986686,-36604970867,114601837000,-576473),(209,'260',-35598936640,-115611161405,228511290000,-69261961),(210,'261',-108017009361,-99592427277,184449760000,241323873),(211,'262',9657829039,-64918966317,86580189910,448125237),(212,'14',2253049,-3293655,1225046,0),(213,'15',2069906,-1599822,-541972,-2),(214,'16',2280305,-1389781,-788611,-1),(215,'17',2231060,-1493813,-706962,16),(216,'18',1801324,-1504736,-406051,33),(217,'19',2053105,-2356529,294491,-2),(218,'20',1768450,-1958316,241462,1),(219,'21',1836369,-1945892,333413,1),(220,'22',298938,-1691565,977393,3),(221,'23',1264172000000,-1084184000000,198770000000,0),(222,'24',610898119000,-397091910000,-125582265000,0),(223,'25',757946903000,-745106525000,-70944763000,0),(224,'26',827644178000,-578640682000,-165137813000,0),(225,'27',584793330000,-406405959000,-313978101000,0),(226,'28',619949980000,-298972634000,-163542334000,2593),(227,'29',428171470000,-391458694000,-38355702000,0),(228,'30',5070596000000,-5619414000000,1484073000000,0),(229,'31',-95624068000,-508737396000,-86699012000,-248727811000),(230,'32',-95624068000,-508737396000,-86699012000,0),(231,'33',93793803000,-409975448000,355480249000,0),(232,'34',-170746805000,-535382039000,145592351000,0),(233,'246',629047147722,-254892820437,-222157232096,51291221),(234,'247',961512119953,-1044954297274,303232293250,-182186389),(235,'248',487277959382,-677590574216,262491183250,-367717810),(236,'249',289316386145,-331354616890,40120580350,-16460372),(237,'250',599727283074,-277742311254,-385719172750,-23696755),(238,'251',660658190013,-275715818334,-397730440016,101496674),(239,'252',347473645118,-346689582964,24021259200,-19954673),(240,'253',324683759637,-256577730908,-118623310655,-31415685),(241,'254',248345369705,-638205273667,564696023780,-98400000),(242,'255',98179193445,-1220959200101,1074577559302,-105896000),(243,'256',18504040040,-257400217957,264913535243,2593),(244,'257',90081594271,-100453893203,153638502257,2593),(245,'37',311322,-186529,-115660,341),(246,'38',103415,-197427,91271,-285),(247,'39',0,-222999,223882,-665),(248,'40',144378,-51218,-152398,-764),(249,'41',48027,-153370,149325,-327),(250,'42',153035,-183118,51154,-403),(251,'43',112950,-130824,32383,-149),(252,'44',79989,-132325,-138016,-222),(253,'45',46456,-143501,193215,-231),(254,'46',96115000000,-157621000000,17833000000,-581000000),(255,'47',98033000000,-104736000000,-2025000000,0),(256,'1',124181224397,-282602008192,36550207648,-463229529),(257,'2',128296752312,140932357174,-63590805276,-129092882),(258,'3',107090950901,-54487968309,-64824220000,-2640939954),(259,'4',150785542645,-226852031533,35166100000,561924166),(260,'5',62569379788,-88492264528,-14620000000,1000496955),(261,'6',122614339870,70565390796,-15475693530,-191725241),(262,'7',195780555886,-88056986750,27989828402,-55208815),(263,'8',200162015233,-136404315476,6094490459,-94541993),(264,'9',0,-38105010403,51314003544,0),(265,'10',141249740861,-107509438028,-28973915561,0),(266,'11',50455156701,-70264517812,36585129409,0),(267,'12',105996620503,-152393810668,-10447345609,0),(268,'13',53275679445,-54792594153,-1135611878,0),(269,'245',30411512178,-5041198699,14035363,0),(270,'7203148',86352010708,-77780551444,-8393212117,113927604),(271,'6787549',288682562563,-189889597322,-102299828981,133597387),(272,'6787622',254733890906,-401419386106,132341896269,-317346418),(273,'5541087',233886292668,-227575445281,9134959897,-326531688),(274,'5017900',296525362104,-266613395351,-28699137229,47543020),(275,'4560241',187721668625,-109918389312,-92520233772,-2769991),(276,'4115599',219885793937,-300702633963,-7505039650,2603498),(277,'3710763',249300181533,-204170589115,-35498334694,-133705092),(278,'3336672',243266332241,-131586587596,-71195635430,10956956),(279,'2967198',148527417643,-321621573881,190322557612,0),(280,'619',70380902840,-49581623904,1425986377,93474256),(281,'620',52480439723,-332553666130,284079016262,51077011),(282,'621',9005639634,-126911489734,112478010009,-188767711),(283,'622',32604411368,-38662526966,3286829800,-342383751),(284,'623',51557641156,-554645973,-52490511331,78979331),(285,'624',34411016497,-14220861613,-12871090204,425359582),(286,'625',0,-71178877753,54388614940,3309468),(287,'7207697',533407163996,-341790656106,193651885474,10933244891),(288,'6618059',450074679996,-1458192381416,871489834932,-1026790318),(289,'6036390',246581751578,78922181378,-208610198144,-7536742126),(290,'5542885',221890978910,-926412162363,790834270668,2119212364),(291,'5019278',188601008336,-593755965114,202445367232,623286137),(292,'4669554',226618355092,109749895328,35382127711,189437425),(293,'4116412',125855034732,-116808741739,-39054788410,0),(294,'3703838',127871035120,-73491528583,-28259987600,0),(295,'3338768',135096136974,-120765660062,-13223648407,0),(296,'2952369',105306157500,-98408980550,-4532514140,0),(297,'2583041',55666720007,-13782054573,-12284006556,0),(298,'2179726',59216583190,-38708629883,1817612622,0),(299,'1868083',56697133409,-19941852477,-21971255208,0),(300,'1573014',8620513977,35251522011,-32171989629,0),(301,'1319228',98855999652,-100279646505,3402847864,0),(302,'1087997',63074909123,-163482012533,100410278970,0),(303,'853220',54638370645,-64141673138,-499007988,0),(304,'561597',29298389468,-18830606697,-11717338345,0),(305,'346361',13876106587,-58614936920,46924872036,0),(306,'177433',-6052098710,581974996,13581868942,0),(307,'48478',2122582528,-18006612166,19342560693,0),(308,'7207496',17648861272,5423968366,-11433296049,-522349670),(309,'6824685',49157215189,-27362820179,-10702832743,55702399),(310,'6055609',3956580052,-11692302813,4653083525,-275004624),(311,'5781024',6602680548,-63246841343,60581702646,-1851792),(312,'5781007',-12586280987,-39328507750,49524140616,405114481),(313,'4692159',-17511135951,2022784317,13307392619,161891138),(314,'4231437',13392094435,-21329369274,15789667445,-466835137),(315,'3711091',-4878705731,-6089971546,11090079971,-213108),(316,'3334723',0,-10592842742,10054121356,1233893),(317,'2967078',-5671349328,-27067659447,31358738110,0),(318,'2589582',-1685653619,-21029269294,21500000000,0),(319,'2180751',-2090688875,-10767337035,15198601000,0),(320,'1862251',7219799346,2447077108,-10323934716,0),(321,'604',40630922727,-56649980143,-33690568040,-322152160),(322,'605',39385066300,61616580787,-20000000000,-287391980),(323,'606',40897700044,6651759679,-18990000000,-592032629),(324,'607',70947025631,-102691138919,-18000000000,-170615629),(325,'608',39963719842,-159880614215,121248563863,-62133391),(326,'7206752',78125000000,-70906000000,0,-453000000),(327,'6583853',47637000000,-14614000000,-27235000000,-201000000),(328,'6039604',72675000000,-236477000000,188032000000,-1939000000),(329,'5541905',55301000000,-33903000000,-20001000000,-475000000),(330,'5021306',51261000000,64541000000,-108896000000,3000000),(331,'4552281',-44621000000,120000000,82585000000,142000000),(332,'4229523',11778000000,-26623000000,-1541000000,-10000000),(333,'3788045',68158000000,-40203000000,-123000000,-62000000),(334,'2958662',42358957689,-89277452695,46652261405,0),(335,'1046018',11140042186,-5715383416,-8202245158,0),(336,'809637',6575256081,-269175902,-6822672271,0),(337,'579242',-18458363495,4434518757,18308628308,0),(338,'373025',-5913079392,-77506689842,83290858187,0),(339,'177802',38002766715,-40977845116,3677464745,0),(340,'634',210803749,1259992432,-622186629,-66000),(341,'635',0,-655256897,296118825,-189067),(342,'636',0,-477941210,196068803,-200243),(343,'6840042',0,-174346421744,28328804139,0),(344,'7207050',-120782391360,-521913092828,-175090431823,0),(345,'637',0,0,0,0),(346,'638',0,-44807701618,-185742748470,0),(347,'7191348',15149775218,-45560756716,-113246000732,-239967973),(348,'6602305',139158589598,-97069160917,-37919774719,198159666),(349,'6102778',342965578593,-106022760929,-107673018934,-1689255242),(350,'5524024',167739920590,-72779722777,-94137640330,-658020720),(351,'5012906',282912541925,-92563210883,-111688572764,202143906),(352,'4549292',253953853606,-71164108736,-183859696158,-102364579),(353,'4231029',252204743830,-60733480818,-181522292714,-987853165),(354,'3697001',108142744112,-76573597341,-68762391217,-161226609),(355,'3337958',221749683524,-62848964922,-193132097564,-10620870),(356,'2961248',101441344605,3347498922,-125634136178,0),(357,'2591702',33787509202,3852893146,-130925417188,0),(358,'2184020',165581794451,74073456146,-189029773371,0),(359,'1865008',239495356574,197079322381,-379883604190,0),(360,'1564425',-232327185752,371985046981,-921799534252,0),(361,'1317428',220144714335,-689811433010,1187034985257,0),(362,'1005499',51475921766,-17254314524,-50529190784,0),(363,'967854',261143942654,-237553021350,-2127456000,0),(364,'734347',135596366558,-36400888064,-14173857015,0),(365,'490494',69099339884,-145877847826,-27330030897,0),(366,'281978',15149775218,-45560756716,-113246000732,-239967973),(367,'124755',5353975063,-412978257242,45931610490,0),(368,'24699',5353975063,-9619773779,45931610490,0),(369,'626',374302117117,61286776913,-340888751676,-854445310),(370,'627',505125867527,-406085630861,-84578765004,34402997),(371,'628',363539142113,-238359420266,-67047597100,-1015653813),(372,'629',477141542624,-344968860144,-276103942286,4859655),(373,'630',602649461623,-1074721088031,418963065535,487292611),(374,'631',637183565132,-767036655204,16718647002,233608085),(375,'632',0,-460462463174,-133886398640,-167408038),(376,'633',0,-142881065348,-292390044059,-448996946),(377,'37746',329180716000,-255399613000,-70367559000,0),(378,'172729',-1815088000,21810408000,-21729734000,0),(379,'343986',118053772000,461821000,125993824000,0),(380,'560901',157422712817,576851555660,928379980790,0),(381,'799313',133721839000,1251750299000,2870763967000,0),(382,'1023809',95090673000,-150736018000,54780653000,0),(383,'1317923',138764343000,-88983967000,-46979820000,0),(384,'1555308',1620892000000,-1778685000000,277377000000,-162725000000),(385,'1849446',118122037000,-126266627000,14072966000,0),(386,'2167303',225906800611,-296392199484,80499751353,2593),(387,'2582286',215760992248,-369257140760,137718000000,0),(388,'2951573',188469018781,209227373531,-226407880000,0),(389,'3319708',0,-62041314449,16500000000,0),(390,'3712086',287611653895,-55184993465,-218515500000,0),(391,'4117481',292759979937,-118600028887,-181987184034,0),(392,'4543156',366775418415,-208971010342,-95989634464,0),(393,'5011003',440121426009,-847843584006,361985836155,0),(394,'5521041',345860639457,-158848844917,-197472264682,0),(395,'6036033',369369762155,-424339915113,101300000000,0),(396,'6599141',235381697007,-375999189199,98800000000,0),(397,'7191672',690644968015,-271609614111,-432227420925,0),(398,'7187522',114683854826,-51463117197,-64856923085,-94119392),(399,'6798750',93044304308,-42537344402,-45321305756,119538951),(400,'6048249',78449269221,-82601311121,-61494558912,-65646600812),(401,'5515699',137752539257,-89783429032,-51568728432,117602625),(402,'5004571',86475896725,-17888572909,-62312714664,96143204),(403,'4682199',159042777245,-1057822984,-73261168254,47278397),(404,'4120065',170478422587,-93168804580,-78392301451,-156577183),(405,'3696623',138777946765,-144717652234,-37968213867,-246663475),(406,'3326448',0,-131119804643,-52989248400,120126693),(407,'2960536',82489751912,2290538809,-70621997000,0),(408,'2591096',138536034296,-21691135181,-21393838990,0),(409,'609',0,0,0,-357145685),(410,'610',0,0,0,14982157),(411,'611',0,0,0,-25773592),(412,'612',0,0,0,3031233),(413,'613',0,0,0,1267035),(414,'614',0,0,0,241257523130),(415,'615',0,0,0,-54453973340),(416,'616',0,0,0,196758532063),(417,'617',0,0,-3132654723,0),(418,'300',124831232000,-33626808000,-114640766000,26738000),(419,'301',3720169000,-1201045000,-120298999000,886196000),(420,'302',4410168000,241266258000,-106429416000,-2146496000),(421,'303',1580399000,-3756816000,4001290000,312503000),(422,'82',123217347947,-57600305632,-69257821957,-85935219),(423,'83',86882826978,-16660521639,-75320658950,0),(424,'84',95960685866,-21437335787,-75103931580,-4920959),(425,'85',97406234210,-34293469538,-66512590410,19205249),(426,'86',99627495982,-58542751254,-59563513800,32230130),(427,'87',83982070479,-73986007257,-54599887650,0),(428,'88',100938862933,-73949905248,-47099434313,0),(429,'89',99652507153,1378897450,-39683834220,0),(430,'90',0,-73963031035,-35251104000,0),(431,'91',84275291000,-116886216000,-30844716000,0),(432,'92',85242471,21979510,-26438328,0),(433,'93',108268373,-117262996,-23500736,0),(434,'94',72543843,1825397,-20563144,0),(435,'95',52476838,-32261477,-19661577,0),(436,'96',57458712,-112259943,-15582863,0),(437,'97',53356228,16467951,-58143182,0),(438,'98',57055046,-38614490,-43830230,0),(439,'99',40859890,-5914667,-16517594,0),(440,'100',24740195,-11714670,-70500232,0),(441,'101',20099827,3106435,-25793369,0),(442,'102',20099827,3106435,-25793369,0),(443,'900',56671100399,-20446096436,-28126831673,-1584605348),(444,'901',50143797504,-44153158822,19273365697,1783222998),(445,'902',51355282879,-2042319129,-125371231845,-18448456041),(446,'903',330767605,47656295211,-64740579115,6675005130),(447,'904',43601234067,30780707293,-70425361187,9823002821),(448,'905',83235616450,-23018105606,100983532992,4631453128),(449,'906',0,-34214842413,-13874338392,-1916325245),(450,'7199600',19849889327,-482534054,-18723116683,-5),(451,'6610278',14221031738,419307578,-18410579242,-51888),(452,'6036951',-2348118040,595675046,-31203952260,-7547343),(453,'5518129',26288683216,-19442718866,-17215497600,4514800),(454,'5017613',42887419664,-22805284864,-12296784000,7912700),(455,'4546260',55454578164,-51966594099,-5090607920,2244161),(456,'7201830',54852325643,-50309914573,13541251247,-271002782),(457,'6607424',-20450128524,-32847762548,58954427700,-49183233),(458,'6057726',17191020413,-120469533534,55313954298,72312),(459,'5527493',18962461836,-63216486804,89344540540,172511143),(460,'5022544',4745525247,-13440573814,10825750000,-12711711),(461,'4630180',6552908100,-15002704418,5274619758,-7253980),(462,'7193204',80837471288,-38007480556,-11804313800,-9117583),(463,'6616246',45232039725,-29355982335,-15413558662,-4882773),(464,'6050402',80233495213,-15564976699,-40930349800,-61240720),(465,'5527785',57786120789,-43397842398,-5642233200,121807149),(466,'5023963',7271990760,-35929869896,-7522977600,262994319),(467,'4544624',64590673079,-25788505400,-2821116600,-366803585),(468,'4214504',9959708946,-2391427469,-383616000,-17216626),(469,'1861663',200379122000,-95089181000,-113298833000,0),(470,'2194750',-40608521000,-210523877000,252625039000,0),(471,'2593357',419371092,-405694562000,123865228000,0),(472,'2967040',-67937075000,473154436000,-408423063000,0),(473,'3337442',0,-1341138790,1378951832,12928),(474,'3790109',565002196,-316404086,-228624029,-9508),(475,'4216109',531740425,-69473297,-359751961,-4096),(476,'4673624',348405266,-211179361,-141041401,-6396),(477,'5026368',379885261,-423779545,-13582578,-2668),(478,'5542370',209433565,-523056328,380911632,18080),(479,'6039269',388973255,-470378363,-48520370,-12932),(480,'6612758',364048866,-391207839,802995,-26355978),(481,'7201801',581587867,-1355137138,764168401,-21577),(482,'193',447415032346,-225840991788,-93797089535,0),(483,'194',369689814253,-201647156981,-182438145268,0),(484,'195',523845667001,-265446070750,-97229336595,0),(485,'196',261439872866,-155144738324,10268429854,0),(486,'197',59435735839,-105027051192,80064535693,0),(487,'198',135372089142,-80711924163,-29024539513,0),(488,'199',137441209769,-225804603039,116909804405,0),(489,'200',22554953380,-147451752688,129628192730,0),(490,'201',0,-108080018786,61067886101,0),(491,'202',33595630600,-266333805379,242900177656,0),(492,'203',44953988866,-57466059925,31223064857,0),(493,'204',46786455655,-76915955463,19534370713,0),(494,'205',463629419,-5099260960,5238359898,0),(495,'206',1659524143,-9022990040,6157218024,0),(496,'207',1760729231,-9974705402,9230616072,0),(497,'6052691',0,27382189510,-1724676813,4561312),(498,'6611119',0,-315607710901,-17275210000,-18827658),(499,'7202425',531212666609,-294433254731,-251375820544,-14596408666),(500,'4692819',244648624081,-245285067818,-9856032000,0),(501,'5021863',362672840110,-467781434713,-14977991838,5484506),(502,'5554925',320392432845,-293393460939,-29985124504,28728753),(503,'6051743',356586817065,-315579750396,-55494183403,-4561312),(504,'6609311',37538937188,-25082982124,-7093220910,0),(505,'7197562',11356389286,-9653103529,-3568667584,0),(506,'217',471437111861,-286604614830,-211125487285,196187305),(507,'218',500155934542,-307506499272,-88311920935,413119474),(508,'219',0,0,0,0),(509,'220',571879339477,-562963198470,-93138478170,134059619),(510,'221',532802137499,-194736874971,-62110321100,0),(511,'222',487372273764,-445767145552,-44871574870,0),(512,'223',409492472050,-260676066762,-44870977900,0),(513,'224',282137949559,-275799537606,-44870941250,0),(514,'225',0,-292640450794,-41417502590,0),(515,'226',345267253387,-385440221534,-37976101910,0),(516,'227',330060815246,-237654081574,-34560644070,0),(517,'228',237939427423,-171639279611,-34536828160,0),(518,'229',226812328252,-220760960826,-31120208620,0),(519,'230',154420382187,-103170887378,-1408020396,0),(520,'231',29431957914,-25637598756,-11941518288,-67048395),(521,'232',38405776349,-36204269911,115155787888,-14257618),(522,'233',-6605712649,-12681082346,9146538275,-180989441);
/*!40000 ALTER TABLE `individual_cash_flow` ENABLE KEYS */;
UNLOCK TABLES;

--
-- Table structure for table `integrated_cash_flow`
--

DROP TABLE IF EXISTS `integrated_cash_flow`;
/*!40101 SET @saved_cs_client     = @@character_set_client */;
/*!50503 SET character_set_client = utf8mb4 */;
CREATE TABLE `integrated_cash_flow` (
  `integrated_cash_flow_id` bigint(20) NOT NULL,
  `dcm_no` varchar(20) DEFAULT NULL,
  `net_increase_cash_and_cash_equivalents` bigint(20) DEFAULT '0',
  `cash_and_cash_equivalents_at_beginning_of_period` bigint(20) DEFAULT '0',
  `cash_and_cash_equivalents_at_end_of_period` bigint(20) DEFAULT '0',
  PRIMARY KEY (`integrated_cash_flow_id`),
  KEY `integrated_cash_flow_ibfk_1` (`dcm_no`),
  CONSTRAINT `integrated_cash_flow_ibfk_1` FOREIGN KEY (`dcm_no`) REFERENCES `cash_flow_statement` (`dcm_no`) ON DELETE CASCADE
) ENGINE=InnoDB DEFAULT CHARSET=utf8;
/*!40101 SET character_set_client = @saved_cs_client */;

--
-- Dumping data for table `integrated_cash_flow`
--

LOCK TABLES `integrated_cash_flow` WRITE;
/*!40000 ALTER TABLE `integrated_cash_flow` DISABLE KEYS */;
INSERT INTO `integrated_cash_flow` (`integrated_cash_flow_id`, `dcm_no`, `net_increase_cash_and_cash_equivalents`, `cash_and_cash_equivalents_at_beginning_of_period`, `cash_and_cash_equivalents_at_end_of_period`) VALUES (1,'234',40436176653,159181998034,199618174687),(2,'235',-15181235667,174363233701,159181998034),(3,'236',-22256225419,196619459120,174363233701),(4,'237',-30782797617,227402256737,196619459120),(5,'238',125259495284,102142761453,227402256737),(6,'239',-3443440196,105586201649,102142761453),(7,'240',26572533760,79013667889,105586201649),(8,'241',-42446881783,121460549672,79013667889),(9,'242',69304006553,52156543119,121460549672),(10,'243',-52076095596,104232638715,52156543119),(11,'244',69624643296,34607995419,104232638715),(12,'603',43670000000,0,43670000000),(13,'281',-190488933000,301852287000,112142546000),(14,'282',-108410378000,410501523000,301852287000),(15,'283',178662003000,234084782000,410501523000),(16,'284',-571069691000,805891990000,234084782000),(17,'285',520094226000,286364683000,805891990000),(18,'286',-390760376000,676228486000,286364683000),(19,'287',-158114986000,834365705000,676228486000),(20,'288',0,1516926197000,834365705000),(21,'289',142820971000,2105292231000,2248113202000),(22,'290',142820971,2105292231,2248113202),(23,'291',-1500545125000,3605837356000,2105292231000),(24,'292',3008402561000,597434795000,3605837356000),(25,'293',218766184000,378668611000,597434795000),(26,'294',27512757201,27512757201,154482694483),(27,'295',29874111524,109874111524,27512757201),(28,'296',29536687364,80337424160,109874111524),(29,'60',-66334,123858,57805),(30,'61',39387,84482,123858),(31,'62',-73189,158963,84482),(32,'63',61005,97835,158963),(33,'64',-47521,145210,97835),(34,'65',-64533167114,209381973821,145210039636),(35,'66',-177095779600,386294099377,209381973821),(36,'67',193784853968,192586370218,386294099377),(37,'68',-448029425814,640622472780,192586370218),(38,'69',233197688241,407424784539,640622472780),(39,'70',71854104086,335570680453,407424784539),(40,'71',206065418061,129505262392,335570680453),(41,'72',6506148345,122999114047,129505262392),(42,'73',-36523486851,159522600898,122999114047),(43,'74',153855000000,5668000000,159523000000),(44,'75',3225000000,2442000000,5668000000),(45,'76',1040000000,1402000000,2442000000),(46,'77',-8449001785,9851104907,1402103122),(47,'78',9618986712,232118195,9851104907),(48,'79',-84589569,316707764,232118195),(49,'80',50106880910,50423588674,316707764),(50,'208',-1183749349,3118992887,1935243538),(51,'209',988254348,2130738539,3118992887),(52,'210',920544629,1210193910,2130738539),(53,'211',170643591,1039550319,1210193910),(54,'212',1007850609,31699710,1039550319),(55,'213',-136953528,168653238,31699710),(56,'214',149243648,19409590,168653238),(57,'215',-14770613937,14790023527,19409590),(58,'216',14751134427,38889100,14790023527),(59,'143',-64088255504,527003757041,462915501537),(60,'144',172491331056,354512425985,527003757041),(61,'145',-270352678613,624865104598,354512425985),(62,'146',133021175855,491843928743,624865104598),(63,'147',-21431024179,513274952922,491843928743),(64,'148',81915754343,431359198579,513274952922),(65,'149',14456630445,422223359440,431359198579),(66,'150',268725620806,157019821723,422223359440),(67,'151',-123941781669,280961603392,157019821723),(68,'152',21162367139,259799236253,280961603392),(69,'153',930866211,258868370042,259799236253),(70,'154',-95146017175,354014387217,258868370042),(71,'155',44886847320,309127539897,354014387217),(72,'156',19877154160,289250385737,309127539897),(73,'157',148336075000,140914311000,289250386000),(74,'158',39679775,101234535,140914310),(75,'159',92578809000,8655727000,101234536000),(76,'160',-14049891365,22705617933,8655726568),(77,'161',13856639337,8848978596,22705617933),(78,'184',12726000000,22844000000,35570000000),(79,'185',-1487000000,24331000000,22844000000),(80,'186',-140756000000,165086000000,24331000000),(81,'187',100702000000,64384000000,165086000000),(82,'188',-51098000000,115482000000,64384000000),(83,'189',51811000000,63671000000,115482000000),(84,'190',30424000000,33247000000,63671000000),(85,'191',-33502000000,66749000000,33247000000),(86,'192',7438000000,59311000000,66749000000),(87,'124',-1102265769785,2014850648930,912584879145),(88,'125',382142659396,1632707989534,2014850648930),(89,'126',-77201120189,1709909109723,1632707989534),(90,'127',496883155951,1213025953772,1709909109723),(91,'128',1004450661684,208575292088,1213025953772),(92,'129',134392248000,74183044000,208575292000),(93,'130',40595572000,33587472000,74183044000),(94,'131',-526040000,36980236000,60625613000),(95,'132',-116159325,153139561,36980236),(96,'133',-526040000,61614612000,153139561000),(97,'134',-526040000,61614612000,153139561000),(98,'135',-11216000000,28583000000,17367000000),(99,'136',-11216000000,28583000000,17367000000),(100,'137',-6741000000,9117000000,2376000000),(101,'138',4620000000,4497000000,9117000000),(102,'139',107478748237,17621904942,125100653179),(103,'140',-340466186480,358088091422,17621904942),(104,'141',127826001032,230337600616,358088091422),(105,'142',195805876749,34510062188,230337600616),(106,'163',-155811000000,2763768000000,2607957000000),(107,'164',-1014603000000,3778371000000,2763768000000),(108,'165',715411000000,3062960000000,3778371000000),(109,'166',1419642000000,1643318000000,3062960000000),(110,'167',-386989000000,2030307000000,1643318000000),(111,'168',-239115000000,2269422000000,2030307000000),(112,'169',-449309000000,2718731000000,2269422000000),(113,'170',892369000000,1826362000000,2718731000000),(114,'171',-315858000000,2142220000000,1826362000000),(115,'172',-217970000000,2360190000000,2142220000000),(116,'173',333399000000,2026791000000,2360190000000),(117,'174',1048802000000,977989000000,2026791000000),(118,'175',-75563000000,1053552000000,977989000000),(119,'176',95733000000,957819000000,1053552000000),(120,'177',-310390000000,1268209000000,957819000000),(121,'178',-141171000000,1409380000000,1268209000000),(122,'179',419009000000,990371000000,1409380000000),(123,'180',-168651478000,1159022273000,990370795000),(124,'181',632192488000,526829785000,1159022273000),(125,'182',350062794000,176766991000,526829785000),(126,'183',-179678569000,1367157250000,1187478681000),(127,'7200029',8796297161,6287743027,15084040188),(128,'6614426',989758147,5297984880,6287743027),(129,'6035351',-1802087191,7100072071,5297984880),(130,'5536720',-6447208472,13547280543,7100072071),(131,'5020982',8030062898,5517217645,13547280543),(132,'4564108',-1917961643,7435179288,5517217645),(133,'4117436',841039194,6594140094,7435179288),(134,'3763765',-13835077227,20429217321,6549140094),(135,'3337491',-3520103230,23949320551,20429217321),(136,'2966088',-28297426589,52246747140,23949320551),(137,'2580537',-97928242425,150174989565,52246747140),(138,'2181413',132756092626,17418896939,150174989565),(139,'7203854',37431000000,160585000000,198016000000),(140,'6580893',12314000000,148271000000,160585000000),(141,'6117728',-46287000000,194558000000,148271000000),(142,'5535520',-28848000000,223406000000,194558000000),(143,'5102576',-140282000000,363688000000,223406000000),(144,'4675835',233208000000,130480000000,363688000000),(145,'4120494',-29382000000,159862000000,130480000000),(146,'3777491',-132563000000,292425000000,159862000000),(147,'3475812',-256245000000,548670000000,292425000000),(148,'2969003',-86721000000,635391000000,548670000000),(149,'2595911',181262000000,454129000000,635391000000),(150,'2194166',-84756673867,539878803720,455122129853),(151,'1927858',440175413767,99699281791,539874695558),(152,'600',-14967510458,35298628011,20331117553),(153,'601',16641650055,18656977956,35298628011),(154,'602',-15332997326,33989975282,18656977956),(155,'297',-67439178136,1084294207739,1041094192310),(156,'298',-438615204259,1510627782183,1084294207739),(157,'299',1488910762418,21717210015,1510627782183),(158,'263',303399698241,111029337132,414429035373),(159,'264',-346749893751,457779230883,111029337132),(160,'265',254061154582,203718076301,457779230883),(161,'266',-151403910267,355121986568,203718076301),(162,'267',-38447595,393569582,355121987),(163,'268',101266164244,-58069618,393569581554),(164,'269',-30867858469,133462067688,101266164244),(165,'270',-65558323671,199123618046,133462067688),(166,'271',-151047573314,350127637633,199123618046),(167,'272',83707212475,266420425158,350127637633),(168,'273',-49561830313,315982255471,266420425158),(169,'274',225297004857,90685250614,315982255471),(170,'275',-10648021439,101333272053,90685250614),(171,'276',-39867596037,141200868090,101333272053),(172,'277',131020147842,10180720248,141200868090),(173,'278',-4035959091,14216679339,10180720248),(174,'279',-22021919861,36238599200,14216679339),(175,'280',28441129748,7797469452,36238599200),(176,'118',22502348630,58443922939,80946271569),(177,'119',13350594162,45093328777,58443922939),(178,'120',-3042837930,48136166707,45093328777),(179,'121',-7045417507,55181584214,48136166707),(180,'122',4159941200,51021643014,55181584214),(181,'123',-215873953,51237516967,51021643014),(182,'307',-249994033496,299766686905,49772653409),(183,'308',-29638873419,329405560324,299766686905),(184,'309',171419722100,157985838224,329405560324),(185,'310',28195196379,129790641845,157985838224),(186,'311',24928927741,104861714104,129790641845),(187,'312',42857757226,62003956878,104861714104),(188,'313',4240862536,57763094342,62003956878),(189,'314',-209053879793,263978152949,54924273156),(190,'315',64854780596,199123372353,263978152949),(191,'316',70412000000,157558000000,227970000000),(192,'317',29468434290,128089486708,157557920998),(193,'318',37359729805,90729756903,128089486708),(194,'319',650555396,90079201507,90729756903),(195,'320',53011718990,37067482517,90079201507),(196,'103',-12458055488,41028039983,28569984495),(197,'104',15503642905,25524397078,41028039983),(198,'105',-4281821292,29806218370,25524397078),(199,'106',-19554909618,49361127988,29806218370),(200,'107',-13437149938,62798277926,49361127988),(201,'108',50393921409,12439065893,62798277926),(202,'109',-12868962026,25283366959,12439065893),(203,'110',5036239716,20247102247,25283366959),(204,'111',2493471064,17710175370,20247102247),(205,'112',5258989190,12451186180,17710175370),(206,'113',-17484877365,29936063545,12451186180),(207,'258',-25688461725,53258076482,27569614757),(208,'259',-36002697026,89260773508,53258076482),(209,'260',77231929994,11632565675,88864495669),(210,'261',-22918352765,34550918440,11632565675),(211,'262',31767177869,2783740571,34550918440),(212,'14',184440,319316,503756),(213,'15',-71890,391206,319316),(214,'16',101912,289294,391206),(215,'17',30301,258993,283294),(216,'18',-109430,368423,258993),(217,'19',-8935,377358,368423),(218,'20',51597,325761,377358),(219,'21',223891,101870,325761),(220,'22',-415231,517101,101870),(221,'23',378750000000,138351000000,517101000000),(222,'24',88223944000,50126596000,138350540000),(223,'25',-58104385000,108230981000,50126596000),(224,'26',83865683000,24365298000,108230981000),(225,'27',-135590730000,159956028000,24365298000),(226,'28',157435012000,2521016000,159956028000),(227,'29',-1624926000,4163942000,2521016000),(228,'30',423939000000,2282083000000,2706022000000),(229,'31',-526040,256350565000,7622754000),(230,'32',-248727811000,256350565000,7622754000),(231,'33',59337071000,1626295000,60963366000),(232,'34',-560536493000,562162788000,1626295000),(233,'246',152048386410,553998552991,706046939401),(234,'247',219607929540,334390623451,553998552991),(235,'248',71810850606,262579772845,334390623451),(236,'249',-1934110767,264513883612,262579772845),(237,'250',-63757897685,328271781297,264513883612),(238,'251',-12686571663,340958352960,328271781297),(239,'252',24785366681,316172986279,340958352960),(240,'253',-50548697611,366721683890,316172986279),(241,'254',174737719818,191983964072,366721683890),(242,'255',-48308343354,240292307426,191983964072),(243,'256',91196824537,149095482889,240292307426),(244,'257',143266203325,5829279564,149095482889),(245,'37',9474,108232,117706),(246,'38',-3026,111258,108232),(247,'39',26183,85075,111258),(248,'40',-60002,145077,85075),(249,'41',43655,101422,145077),(250,'42',21071,80754,101422),(251,'43',14509,66394,80754),(252,'44',-190352,256968,66394),(253,'45',96170,161029,256968),(254,'46',-43673000000,205283000000,161029000000),(255,'47',-8728000000,214011000000,205283000000),(256,'1',-122333805676,310506272243,188172466567),(257,'2',205638304210,104997060915,310506272243),(258,'3',-14862177362,119859238277,104997060915),(259,'4',-40338464722,160197702999,119859238277),(260,'5',-40542884740,199740090784,160197702999),(261,'6',177704037136,22227778889,199740090784),(262,'7',135713397538,76915169979,212573358702),(263,'8',69852190216,7157521756,76915169979),(264,'9',-24716937757,31874459513,7157521756),(265,'10',4766387272,27108072241,31874459513),(266,'11',16775768298,10332303943,27108072241),(267,'12',-56844535774,67176839717,10332303943),(268,'13',-2652526586,69829366303,67176839717),(269,'245',25384348842,44445017461,69829366303),(270,'7203148',178247147,957883329,1250058080),(271,'6787549',-3506863740,4331149682,957883329),(272,'6787622',-14343598931,18992095031,4331149682),(273,'5541087',15445807284,3872819435,18992095031),(274,'5017900',1212829524,2612446891,3872819435),(275,'4560241',-14716954459,17332171341,2612446891),(276,'4115599',-88321879676,105651447519,17332171341),(277,'3710763',9631257724,96153894887,105651447519),(278,'3336672',41410697372,54732240559,96153894887),(279,'2967198',17228401374,37503839185,54732240559),(280,'619',22318739569,9870452614,32189192183),(281,'620',4056866866,5813585748,9870452614),(282,'621',-5616607802,11430193550,5813585748),(283,'622',-3113669549,14543863099,11430193550),(284,'623',-1408536817,15952399916,14543863099),(285,'624',7744424262,8207975654,15952399916),(286,'625',3926511281,4281464373,8207975654),(287,'7207697',396201638255,250919690413,647121328668),(288,'6618059',-137654656806,388574347219,250919690413),(289,'6036390',109356992686,279217354533,388574347219),(290,'5542885',86313087215,190785054954,279217354533),(291,'5019278',-202709589546,392871358363,190785054954),(292,'4669554',371750378131,20931542807,392871358363),(293,'4116412',-30008495417,101791079054,71782583637),(294,'3703838',26119518937,75671560117,101791079054),(295,'3338768',1106828505,74564731612,75671560117),(296,'2952369',2364662810,69390727013,71755389823),(297,'2583041',29600658878,39790068135,69390727013),(298,'2179726',22325565929,17464502206,39790068135),(299,'1868083',14784025724,2680476482,17464502206),(300,'1573014',-1825344771,4505821253,2680476482),(301,'1319228',1979201011,2526620242,4505821253),(302,'1087997',3175560,2523444682,2526620242),(303,'853220',-10002310481,12525755163,2523444682),(304,'561597',-1249555574,13775310737,12525755163),(305,'346361',2186041703,11589269034,13775310737),(306,'177433',8111745228,3477523806,11589269034),(307,'48478',3458531055,18992751,3477523806),(308,'7207496',11639533589,15327484797,26444668716),(309,'6824685',11091562267,4180220131,15327484797),(310,'6055609',-3082639236,7537863991,4180220131),(311,'5781024',3935690059,3602173932,7537863991),(312,'5781007',-1985533640,5587707572,3602173932),(313,'4692159',-2019067877,7606775449,5587707572),(314,'4231437',7852392606,221217980,7606775449),(315,'3711091',121402694,100028394,221217980),(316,'3334723',3202509,95591992,100028394),(317,'2967078',-1380270665,1475862657,95591992),(318,'2589582',-1214922913,2690785570,1475862657),(319,'2180751',2340575090,350210480,2690785570),(320,'1862251',-657058262,1007268742,350210480),(321,'604',-49709625456,132182222197,82150444581),(322,'605',81001647087,51467967090,132182222197),(323,'606',28559459723,23500539996,51467967090),(324,'607',-49744113288,73415268913,23500539996),(325,'608',1331669490,72145732814,73415268913),(326,'7206752',5442000000,39471000000,44913000000),(327,'6583853',5587000000,33884000000,39471000000),(328,'6039604',22291000000,11593000000,33884000000),(329,'5541905',1397000000,10671000000,11593000000),(330,'5021306',6906000000,3762000000,10671000000),(331,'4552281',-105000000,3725000000,3762000000),(332,'4229523',-16386000000,20121000000,3725000000),(333,'3788045',27832000000,1698000000,20121000000),(334,'2958662',-266233601,8324412554,8058178953),(335,'1046018',-2777586388,4743972041,1966385653),(336,'809637',-516592092,5260564133,4743972041),(337,'579242',4266559708,994004425,5260564133),(338,'373025',-128911047,1122915472,994004425),(339,'177802',702386344,420529128,1122915472),(340,'634',848543552,113577440,962120992),(341,'635',-157947057,271524497,113577440),(342,'636',-30682902,302207399,271524497),(343,'6840042',304315882044,1038203866751,1342519748795),(344,'7207050',-817785916011,1342519748795,524733832784),(345,'637',0,0,0),(346,'638',-217829382585,250221494285,32392111700),(347,'7191348',-143896950203,227928458992,84031508789),(348,'6602305',4367813628,223560645364,227928458992),(349,'6102778',127580543488,95980101876,223560645364),(350,'5524024',164536763,95815565113,95980101876),(351,'5012906',78862902184,16952662929,95815565113),(352,'4549292',-1172315867,18124978796,16952662929),(353,'4231029',8961117133,9163861663,18124978796),(354,'3697001',-37354471055,46518332718,9163861663),(355,'3337958',-34241999832,80760332550,46518332718),(356,'2961248',-20845292651,101605625201,80760332550),(357,'2591702',-93285014840,194890640041,101605625201),(358,'2184020',50625477226,144265162815,194890640041),(359,'1865008',56691074765,87574088050,144265162815),(360,'1564425',-782141673023,869715761073,87574088050),(361,'1317428',717368266582,152347494491,869715761073),(362,'1005499',-16307583542,168655078033,152347494491),(363,'967854',21463465304,147191612729,168655078033),(364,'734347',85021621479,62169991250,147191612729),(365,'490494',-104108538839,190161530089,86052991250),(366,'281978',-143896950203,227928458992,84031508789),(367,'124755',41665811774,17105052601,58770864375),(368,'24699',41665811774,17105052601,58770864375),(369,'626',94700142354,144575886793,238421583837),(370,'627',14461471662,130080012134,144575886793),(371,'628',58132124747,72963541200,130080012134),(372,'629',-143931259806,216889941351,72963541200),(373,'630',-53108560873,269511209613,216889941351),(374,'631',-113134443070,382412044598,269511209613),(375,'632',82176698428,300402754208,382412044598),(376,'633',-15639752046,316491503200,300402754208),(377,'37746',3413543000,3930334000,7343877000),(378,'172729',-1737414000,7343878000,5609464000),(379,'343986',0,0,0),(380,'560901',14040776269,7842281229,0),(381,'799313',1784991000,7842281000,9627272000),(382,'1023809',-864692000,9627272000,8762580000),(383,'1317923',2800557000,8762580000,11563137000),(384,'1555308',-43141000000,1238964000000,1195823000000),(385,'1849446',5928376000,14723198000,20651574000),(386,'2167303',10014352480,20651573610,30665926090),(387,'2582286',-15778148512,30665926090,14887777578),(388,'2951573',171288512312,14887777578,186176289890),(389,'3319708',-16495379684,35870289890,19374910206),(390,'3712086',13911160430,19374910206,33286070636),(391,'4117481',-7827232984,33286070636,25458837652),(392,'4543156',61814773609,25458837652,87273611261),(393,'5011003',-45736321842,87273611261,41537289419),(394,'5521041',-10460470142,41537289419,31076819277),(395,'6036033',46329847042,31076819277,77406666319),(396,'6599141',-41817492192,77406666319,35589174127),(397,'7191672',-13192067021,35589174127,22397107106),(398,'7187522',-1636185456,130745635868,129015331020),(399,'6798750',5185654150,125440442767,130745635868),(400,'6048249',191339897618,-252854039,125440442767),(401,'5515699',-3599618207,194821913200,191339897618),(402,'5004571',6274609152,188451160844,194821913200),(403,'4682199',84771064404,103680096440,188451160884),(404,'4120065',-1239260627,104919357067,103680096440),(405,'3696623',-44154582811,134942832993,90788250182),(406,'3326448',-67642999947,202585832940,134942832993),(407,'2960536',14158293721,158427539219,172585832940),(408,'2591096',95451060125,62976479094,158427539219),(409,'609',187196956673,13648131866,200487942854),(410,'610',-6784663791,20417813500,13648131866),(411,'611',2248753621,18194833471,20417813500),(412,'612',4957606619,13234195619,18194833471),(413,'613',-1020407357,14253335941,13234195619),(414,'614',-921260437,15174596378,14253335941),(415,'615',-266680478,15441276856,15174596378),(416,'616',-7960863595,23402140451,15441276856),(417,'617',4759734279,18642406172,23402140451),(418,'300',-23409604000,28706000000,5296396000),(419,'301',-116893679000,145599679000,28706000000),(420,'302',137100514000,8499165000,145599679000),(421,'303',2137376000,6361789000,8499165000),(422,'82',-3640779642,23832844077,20106129216),(423,'83',-5098353611,28931197688,23832844077),(424,'84',-580581501,29516700148,28931197688),(425,'85',-3399825738,32897320637,29516700148),(426,'86',-18478769072,51343859579,32897320637),(427,'87',-44603824428,95947684007,51343859579),(428,'88',-20110476628,116058160635,95947684007),(429,'89',61347570383,54710590252,116058160635),(430,'90',-14457189266,69167779518,54710590252),(431,'91',-63455641000,132623421000,69167780000),(432,'92',80783653,51839768,132623421),(433,'93',-32495360,84335128,51839768),(434,'94',53806096,30529032,84335128),(435,'95',553783,29975248,30529032),(436,'96',-70384095,100359343,29975248),(437,'97',11680997,88678346,100359343),(438,'98',-25389675,114068021,88678346),(439,'99',18427629,95640392,114068021),(440,'100',-83525757,12114635,95640392),(441,'101',-2587106,14701740,12114634),(442,'102',-526040,14701740,12114634),(443,'900',8098172290,217820184585,224333751527),(444,'901',25264004379,190772957208,217820184585),(445,'902',-76058268095,285279681344,190772957208),(446,'903',-16753516299,295358192513,285279681344),(447,'904',3956580173,281578609519,295358192513),(448,'905',161201043836,115746112555,281578609519),(449,'906',-62616426528,195278864328,130746112555),(450,'7199600',644238585,268967621,913206206),(451,'6610278',-3770291814,4039259435,268967621),(452,'6036951',-32963942597,37003202032,4039259435),(453,'5518129',-10369533250,47368220482,37003202032),(454,'5017613',7785350800,39574956982,47368220482),(455,'4546260',-1602623855,41175336676,39574956982),(456,'7201830',17812659535,7290307962,25102967497),(457,'6607424',5607353395,1682954567,7290307962),(458,'6057726',-47964486511,49647441078,1682954567),(459,'5527493',45263026715,4384414363,49647441078),(460,'5022544',2117989722,2266424641,4384414363),(461,'4630180',-3182430540,5448855181,2266424641),(462,'7193204',31025676932,45855378182,76871937531),(463,'6616246',462498728,45397762227,45855378182),(464,'6050402',23738168714,21720834233,45397762227),(465,'5527785',8746045191,12852981893,21720834233),(466,'5023963',-36180856736,48770844310,12852981893),(467,'4544624',35981051079,13156596816,48770844310),(468,'4214504',7184665477,5989147965,13156596816),(469,'1861663',-8008892000,20391796000,12382904000),(470,'2194750',1492641000,12382904000,13875545000),(471,'2593357',137727063000,13875545000,151602608000),(472,'2967040',-3205702000,151602608000,148396906000),(473,'3337442',-105420624,148845781,43425157),(474,'3790109',19964573,43425157,63389730),(475,'4216109',102511071,63389730,165900801),(476,'4673624',-3821892,165900801,132078909),(477,'5026368',-57479530,132078909,74599379),(478,'5542370',67306949,74599379,141906328),(479,'6039269',-129938410,141906328,11967918),(480,'6612758',-5344,11967918,56056776),(481,'7201801',-9380870,56056776,16654329),(482,'193',127776951023,399558425745,526092843365),(483,'194',-14395487996,413501866488,399558425745),(484,'195',161170259656,257604838606,413501866488),(485,'196',116563564396,139618110564,257604838606),(486,'197',34473220340,105159675191,139618110564),(487,'198',25635625466,79524135589,105159675191),(488,'199',28546411135,50977724453,79524135589),(489,'200',4731393422,46246331031,50977724453),(490,'201',17070859919,29175471112,46246331031),(491,'202',10162002877,19013468235,29175471112),(492,'203',18710993798,302474437,19013468235),(493,'204',-10595129095,10897603532,302474437),(494,'205',602728357,970032275,1572760632),(495,'206',-1206247873,2176280148,970032275),(496,'207',1016639901,1159640247,2176280148),(497,'6052691',4843236023,15633456959,20481254294),(498,'6611119',13043450646,20481254294,33505877282),(499,'7202425',18647,33505877282,18909487263),(500,'4692819',-10492475737,148796231767,138303756030),(501,'5021863',-120086586441,138303756030,18222654095),(502,'5554925',-2986152598,18222654095,15265230250),(503,'6051743',-14491678046,15265230250,773552204),(504,'6609311',5362734154,773552204,6136286358),(505,'7197562',-1865381827,6136286358,4270904531),(506,'217',-26096802949,462301352340,436204549391),(507,'218',104750633809,357550718531,462301352340),(508,'219',0,0,0),(509,'220',-84088277544,486315095609,402226818065),(510,'221',275954941428,210360154181,486315095609),(511,'222',-3266446658,213626600839,210360154181),(512,'223',103945427388,109681173451,213626600839),(513,'224',-38532529297,148213702748,109681173451),(514,'225',31418370795,116795331953,148213702748),(515,'226',-78149070057,194559211015,116410140958),(516,'227',57846089602,136713121413,194559211015),(517,'228',31763319652,104949801761,136713121413),(518,'229',-25068841194,130018642955,104949801761),(519,'230',49841474413,80177168542,130018642955),(520,'231',-8147159130,127543954670,119329747145),(521,'232',117357294326,10200917962,127543954670),(522,'233',-10140256720,20522164123,10200917962);
/*!40000 ALTER TABLE `integrated_cash_flow` ENABLE KEYS */;
UNLOCK TABLES;

--
-- Table structure for table `liabilities`
--

DROP TABLE IF EXISTS `liabilities`;
/*!40101 SET @saved_cs_client     = @@character_set_client */;
/*!50503 SET character_set_client = utf8mb4 */;
CREATE TABLE `liabilities` (
  `liabilities_id` bigint(20) NOT NULL,
  `dcm_no` varchar(20) DEFAULT NULL,
  `liabilities_assets` bigint(20) DEFAULT '0',
  `non_liabilities_assets` bigint(20) DEFAULT '0',
  `total_liabilities` bigint(20) DEFAULT '0',
  PRIMARY KEY (`liabilities_id`),
  KEY `liabilities_ibfk_1` (`dcm_no`),
  CONSTRAINT `liabilities_ibfk_1` FOREIGN KEY (`dcm_no`) REFERENCES `state_of_financial_position` (`dcm_no`) ON DELETE CASCADE ON UPDATE CASCADE
) ENGINE=InnoDB DEFAULT CHARSET=utf8;
/*!40101 SET character_set_client = @saved_cs_client */;

--
-- Dumping data for table `liabilities`
--

LOCK TABLES `liabilities` WRITE;
/*!40000 ALTER TABLE `liabilities` DISABLE KEYS */;
INSERT INTO `liabilities` (`liabilities_id`, `dcm_no`, `liabilities_assets`, `non_liabilities_assets`, `total_liabilities`) VALUES (1,'234',379588105886,170874047609,550462153495),(2,'235',334330078025,192158892856,526488970881),(3,'236',346526039029,159846132941,506372171970),(4,'237',391181872765,186401150765,577583023530),(5,'238',301590237593,250668759665,552258997258),(6,'239',255792383523,99625881719,355418265242),(7,'240',205818057362,94595269079,300413326441),(8,'241',181025003472,101640219021,282665222493),(9,'242',192078683525,41464630884,233543314409),(10,'243',186732169673,80986231238,267718400911),(11,'244',107488818907,36339379945,143828198852),(12,'603',947679000000,10745000000,1100328000000),(13,'281',817468460000,2461737949000,3279206409000),(14,'282',418939327000,2427788566000,2846727893000),(15,'283',879937784000,828277997000,1708215781000),(16,'284',208608312000,1142467348000,1351075660000),(17,'285',244395064000,1233265366000,1477660430000),(18,'286',180806853000,1335482656000,1516289509000),(19,'287',187202957000,1127663007000,1314865964000),(20,'288',668740382000,1389820320000,2058560702000),(21,'289',9961702683000,5572696925000,15534399608000),(22,'290',9961702683000,5572696925000,15534399608000),(23,'291',8721106785000,5197344092000,13918450877000),(24,'292',9038719000,6101238000,15139957000),(25,'293',6608303769,2905573471,9513877240),(26,'294',654992966725,563034948341,1218027915066),(27,'295',422168657643,389532453554,811701111197),(28,'296',582069035762,358150705318,940219741080),(29,'60',3313082,5819442,9132524),(30,'61',2504333,5704199,8208532),(31,'62',2274986,5351374,7626360),(32,'63',1433585,5021522,6455107),(33,'64',1509637,4601769,6111406),(34,'65',534732578598,1577646707059,2112379285657),(35,'66',821805996716,1415661970538,2237467967254),(36,'67',1106157655005,1274188759558,2380346414563),(37,'68',959890585086,1014356130560,1974246715646),(38,'69',1384745294226,1032987475666,2417732769892),(39,'70',1135005633800,831253375980,1966259009780),(40,'71',1199621000000,642157000000,1841778000000),(41,'72',810141057799,547610700407,1357751758206),(42,'73',542917468866,395534030959,938451499825),(43,'74',489191000000,436318000000,925509000000),(44,'75',490481000000,271674000000,762155000000),(45,'76',365439000000,134610000000,500050000000),(46,'77',266490480817,134781699627,401272180444),(47,'78',382904447952,175326182637,558230630589),(48,'79',-215684756239,-177550137356,393234893595),(49,'80',-127550502865,-184753294101,312303796966),(50,'208',267377462841,218678348828,486055811669),(51,'209',214849018708,179672657473,394521676181),(52,'210',265503469512,138974893206,404478362718),(53,'211',274342558103,151602227954,425944786057),(54,'212',302693673127,94846351816,397540024943),(55,'213',331835707451,55052267215,386887974666),(56,'214',260152103863,54543670708,314695774571),(57,'215',178827367227,32403269669,211230636896),(58,'216',160646285562,12359891193,173006176755),(59,'143',844606773842,249064720091,1093671493933),(60,'144',912977182323,94477770715,1007454953038),(61,'145',776164128860,54739266254,830903395114),(62,'146',747806487542,61218483776,809024971318),(63,'147',949518710964,68351008793,1017869719757),(64,'148',721615126632,111104071467,832719198099),(65,'149',826988458311,102843760393,929832218704),(66,'150',795014706874,88333548874,883348255748),(67,'151',822132340886,79533796600,901666137486),(68,'152',763923129100,102910445111,866833574211),(69,'153',488627960392,90269169903,578897130295),(70,'154',547594307521,86860691949,634454999470),(71,'155',574192953912,72394040530,646586994442),(72,'156',480264976827,80605955218,560870932045),(73,'157',423833357000,107798029000,531631386000),(74,'158',383071433000,58443020000,441514453000),(75,'159',356713043000,65523355000,422236398000),(76,'160',336820000000,35706000000,372526000000),(77,'161',297658000000,81788000000,379446000000),(78,'184',295246000000,470191000000,765437000000),(79,'185',380949000000,202224000000,583173000000),(80,'186',312972,285383,598355),(81,'187',477385000000,117204000000,594589000000),(82,'188',307890000000,112087000000,419977000000),(83,'189',370853000000,108958000000,479811000000),(84,'190',286742000000,41850000000,328592000000),(85,'191',345914000000,43642000000,389556000000),(86,'192',455666000000,40923000000,496589000000),(87,'124',7332355557192,6670728319058,14003083876250),(88,'125',9712877422348,5271626654609,14984504076957),(89,'126',9617384866105,8033232139516,17650617005621),(90,'127',9991234865140,7311234943894,17302469809034),(91,'128',10834230192790,7025850492080,17860080684870),(92,'129',972230833000,2953115796000,3925346629000),(93,'130',1608126681000,2774814416000,4382941097000),(94,'131',-428630093000,-1392272209000,-1820902302000),(95,'132',-377778135000,-1433808872000,-1811587007000),(96,'133',-528962014000,-1079901982000,-1608863996000),(97,'134',-528962014000,-1079901982000,-1608863996000),(98,'135',395000000,-2497000000,-12500000000),(99,'136',710000000,-6854000000,-12500000000),(100,'137',47044000000,-5124000000,-12500000000),(101,'138',-258051000000,-258051000000,720963000000),(102,'139',690505242703,866667523851,1557172766554),(103,'140',710529786662,1114410410483,1824940197145),(104,'141',2287442106352,919198163865,3206640270217),(105,'142',2476545193419,974091453352,3450636646771),(106,'163',43145053000000,2888179000000,46033232000000),(107,'164',44495084000000,2176501000000,46671585000000),(108,'165',34076122000000,3180075000000,37256197000000),(109,'166',29630488000000,2910887000000,32541375000000),(110,'167',28208638000000,3174870000000,31383508000000),(111,'168',27597944000000,4857246000000,32455190000000),(112,'169',24770263000000,2605923000000,27376186000000),(113,'170',26969912000000,1585186000000,28555098000000),(114,'171',24991737000000,2220098000000,27211835000000),(115,'172',16549999000000,2649444000000,19199443000000),(116,'173',11721362000000,2684368000000,14405730000000),(117,'174',10802346000000,2862282000000,13664628000000),(118,'175',9635015000000,2913516000000,12548531000000),(119,'176',-8345275000000,-2536885000000,10882160000000),(120,'177',-8720903000000,-655231000000,9376134000000),(121,'178',-9191898000000,-597008000000,9788906000000),(122,'179',-7590014000000,-1710645000000,9300659000000),(123,'180',-6314242145000,-2131415046000,8445657191000),(124,'181',-8608448502000,-2093750701000,10702199203000),(125,'182',-6780871440000,-4597362974000,11378234414000),(126,'183',-5415567100000,-8390531546000,-13806098646000),(127,'7200029',572822178724,325189931057,898012109781),(128,'6614426',638435788590,378009398518,1016445187108),(129,'6035351',776541981736,366354452958,1142896434694),(130,'5536720',667514593560,441057810138,1108572403698),(131,'5020982',671737387248,472981833376,1144719220624),(132,'4564108',795433552942,586156893525,1381590446467),(133,'4117436',742559508261,523791578200,1266351086461),(134,'3763765',659618445233,588004668816,1247623114049),(135,'3337491',786653821171,439734589689,1226388410860),(136,'2966088',662659532243,316165705172,978825237415),(137,'2580537',631347657746,217403406162,848751063908),(138,'2181413',642024496270,206068102255,848092598525),(139,'7203854',684709000000,842771000000,1527480000000),(140,'6580893',649411000000,782771000000,1432182000000),(141,'6117728',509960000000,937781000000,1447741000000),(142,'5535520',506832000000,1232044000000,1738876000000),(143,'5102576',457863000000,1371955000000,1829818000000),(144,'4675835',705975000000,2338448000000,3044423000000),(145,'4120494',784864000000,3670653000000,4455517000000),(146,'3777491',1778955000000,3008336000000,4787291000000),(147,'3475812',1034104000000,2807941000000,3842045000000),(148,'2969003',952775000000,2200180000000,3152955000000),(149,'2595911',956167000000,1560392000000,2516559000000),(150,'2194166',731982823815,902606221003,1634589044818),(151,'1927858',658827891121,497893844581,1156721735702),(152,'600',232152474106,211479379387,443631853493),(153,'601',149807071959,315970409774,465777481733),(154,'602',125572581442,360768654672,486341236114),(155,'297',160214259117,163720124950,323934384067),(156,'298',183240373289,124009043447,307249416736),(157,'299',313717619980,112349483739,426067103719),(158,'263',908932799608,233107661265,1142040460873),(159,'264',1210779989603,160930619841,1371710609444),(160,'265',1266827512521,141666445169,1408493957690),(161,'266',875568258127,271506512177,1147074770304),(162,'267',739150464,268850850,1008001314),(163,'268',394970221030,422127693198,817097914228),(164,'269',375130506667,270389014458,645519521125),(165,'270',363121101881,293413600291,656534702172),(166,'271',215515853338,173532437291,389048290629),(167,'272',232348459658,121879069300,354227528958),(168,'273',290733885241,30665686758,321399571999),(169,'274',250418131277,133153652286,383571783563),(170,'275',231755997122,110361445202,342117442324),(171,'276',169573304352,5359131125,174932435477),(172,'277',138108234196,3363215082,141471449278),(173,'278',67989673348,1646045079,69635718427),(174,'279',36316,900174552,37215765805),(175,'280',18587392707,258098006,18845490713),(176,'118',856777981834,995344651131,1852122632965),(177,'119',1037383257762,769887692719,1807270950481),(178,'120',1058316054611,767627317218,1825943371829),(179,'121',899120601040,895850550563,1794971151603),(180,'122',1149278596329,607018509194,1756297105523),(181,'123',1199882560535,676280545347,1876163105882),(182,'307',589513080943,596152697155,1185665778098),(183,'308',538119452885,517085306418,1055204759303),(184,'309',846911975057,331937703249,1178849678306),(185,'310',450474433522,658723046422,1109197479944),(186,'311',638444522146,483941044549,1122385566695),(187,'312',642427590440,447075112675,1089502703115),(188,'313',401629766659,758754437739,1160384204398),(189,'314',792529569053,335545898416,1128075467469),(190,'315',300140733095,1038747308505,1338888041600),(191,'316',304837000000,225667000000,530504000000),(192,'317',263645049400,219369288419,483014337819),(193,'318',283973235536,244857141682,528830377218),(194,'319',253873515737,263253401286,517126917023),(195,'320',191136874009,331891832620,523028706629),(196,'103',37924990839,39077914695,77002905534),(197,'104',20991380550,13261639836,34253020386),(198,'105',23730329420,10634053587,34364383007),(199,'106',36177181709,4748220524,40925402233),(200,'107',76554345776,3723522832,80277868608),(201,'108',95580509102,14859715305,110440224407),(202,'109',133288394682,2488886547,135777281229),(203,'110',106171694351,22672742351,128844436702),(204,'111',77678393821,25713467153,103391860974),(205,'112',29155502951,5280645817,34436148768),(206,'113',59983363261,8509187971,68492551232),(207,'258',1235666498377,445581582984,1681248081361),(208,'259',1305868767595,366089055530,1671957823125),(209,'260',1139036590288,263845960134,1402882550422),(210,'261',1129649084303,30005054940,1159654139243),(211,'262',1129695015019,47280036984,1176975052003),(212,'14',4047947,5653650,9701597),(213,'15',3822069,3237297,7059366),(214,'16',3646692,3014441,6661133),(215,'17',3558835,3572018,7130853),(216,'18',3327786,4133881,7461667),(217,'19',3458045,4338949,7796994),(218,'20',3725199,4005976,7731175),(219,'21',3534108,3795091,7329199),(220,'22',3951784,3229653,7181437),(221,'23',2604016000000,1963213000000,4567229000000),(222,'24',1369211707000,618799436000,1988011143000),(223,'25',1676702244000,214681565000,1891383809000),(224,'26',1230402000000,625148000000,1855549000000),(225,'27',1017001627000,860426282000,1877427909000),(226,'28',1295489167000,1220417176000,2515906343000),(227,'29',1257920348000,1164014987000,2421935335000),(228,'30',30459346000000,12643383000000,43774275000000),(229,'31',1054065877000,1181582437000,2235648314000),(230,'32',1469933399000,482040677000,1951974076000),(231,'33',1338368160000,720693092000,2059061252000),(232,'34',679778703,766688873,1446467576),(233,'246',1991470013631,1101770950265,3093240963896),(234,'247',1541907480435,1598308640199,3140216120634),(235,'248',2305022859805,1293231997650,3598254857455),(236,'249',1641708856479,792107342371,2433816198850),(237,'250',1215028042029,823220694615,2038248736644),(238,'251',1540095100026,1023245865693,2563340965719),(239,'252',1513367106480,1526259591009,3039626697489),(240,'253',1858453529211,1571588016924,3430041546135),(241,'254',1407046249321,1544092957455,2951139206776),(242,'255',1150613282365,1376877363059,2527490645424),(243,'256',985318223476,535325223994,1520643447470),(244,'257',257380470276,62444173561,319824643837),(245,'37',667276,584366,1251642),(246,'38',386744,820226,1206970),(247,'39',529256,702744,1232000),(248,'40',514335,461237,975572),(249,'41',423352,576084,999436),(250,'42',460188,469146,929334),(251,'43',576961,323992,900953),(252,'44',451760,326186,777946),(253,'45',630318,274541,904859),(254,'46',439005000000,227697000000,666702000000),(255,'47',338209000000,230882000000,569091000000),(256,'1',218692244966,199932511805,418624756771),(257,'2',172722071789,147184722316,319906794105),(258,'3',205788061981,134372639092,340160701073),(259,'4',256044482385,127727375949,383771858334),(260,'5',155357016569,175989238388,331346254957),(261,'6',175551660259,177376015441,352927675700),(262,'7',197662342518,126331031613,323993374131),(263,'8',167574275386,129997471027,297571746413),(264,'9',235192349504,80973448088,316165797592),(265,'10',183388358261,41282849686,224671207947),(266,'11',139523717582,59015293007,198539010589),(267,'12',121946323613,12211481964,134157805577),(268,'13',116922857289,12326227307,129249084596),(269,'245',108344883045,10955909241,119300792286),(270,'7203148',1688900349341,560031953911,2248932303252),(271,'6787549',1694024620285,49635143100,49635143100),(272,'6787622',1475529283751,804973632674,2280502916425),(273,'5541087',1371419871806,707314307077,2078734178883),(274,'5017900',1211370802722,814540696701,2025911499423),(275,'4560241',1318625755311,593588334136,1912214089447),(276,'4115599',1251227807023,784839629201,2036067436224),(277,'3710763',1277220441541,772850569138,2050071010679),(278,'3336672',1446840927583,655116488238,2101957415821),(279,'2967198',1003106149633,729104485729,1732210635362),(280,'619',357383898352,165459766898,522843665250),(281,'620',247525222701,192877942971,440403165672),(282,'621',140794603293,104441785056,245236388349),(283,'622',127701424302,4361439472,132062863774),(284,'623',99574397585,5096775082,104671172667),(285,'624',131248631183,11768203498,143016834681),(286,'625',116197335605,54971655163,171168990768),(287,'7207697',1370950261505,255099527270,1626049788775),(288,'6618059',1250705990145,200789638807,1451495628952),(289,'6036390',948930789986,450237479800,1399168269786),(290,'5542885',611661868833,842477212630,1454139081463),(291,'5019278',265747121960,276435242355,542182364315),(292,'4669554',218394434952,76642890693,295037325645),(293,'4116412',81373946767,12157465934,93531412701),(294,'3703838',71831091997,12763105942,84594197939),(295,'3338768',90411528185,7663069945,98074598130),(296,'2952369',84141896404,7161818669,91303715073),(297,'2583041',77785961346,10129211537,87915172883),(298,'2179726',86305143747,22551300178,108856443925),(299,'1868083',70406695588,36163486685,106570182273),(300,'1573014',112682064550,33072590874,145754655424),(301,'1319228',211113160497,58181532572,269294693069),(302,'1087997',118338006132,85784936654,204122942786),(303,'853220',67375751439,11732527674,79108279113),(304,'561597',47966146846,30791461611,78757608457),(305,'346361',44088866254,38314329646,82403195900),(306,'177433',18973885567,18237458993,37211344560),(307,'48478',6279279307,3567521080,9846800387),(308,'7207496',167399283302,68135753815,235535037117),(309,'6824685',155089011304,67462095385,222551106689),(310,'6055609',172353763298,46487916565,218841679863),(311,'5781024',82158960145,110752098461,192911058606),(312,'5781007',104749795087,39827703663,144577498750),(313,'4692159',88350227730,28711311512,117061539242),(314,'4231437',82298451827,27144572899,109443024726),(315,'3711091',79886181452,6345452870,86231634322),(316,'3334723',34499050986,25472759157,59971810143),(317,'2967078',16384208981000,56769470809000,73153679790000),(318,'2589582',38322544237,1455559662,39778103899),(319,'2180751',19430881412,776069904,20206951316),(320,'1862251',7985390889,1358054988,9343445877),(321,'604',302234096443,6206107275,308440203718),(322,'605',282699819571,3914988115,286614807686),(323,'606',338948890647,3975338713,342924229360),(324,'607',363645412278,3395910563,367041322841),(325,'608',364463009415,3690504148,368153513563),(326,'7206752',42585000000,50213000000,92798000000),(327,'6583853',38264000000,44554000000,82818000000),(328,'6039604',26985000000,21250000000,48235000000),(329,'5541905',32067000000,19776000000,51843000000),(330,'5021306',51550000000,18675000000,70225000000),(331,'4552281',156324000000,18245000000,174569000000),(332,'4229523',155402000000,17987000000,173389000000),(333,'3788045',143761000000,25837000000,169598000000),(334,'2958662',126765635612,61454134201,188219769813),(335,'1046018',-84301012556,-56976291201,141277303757),(336,'809637',-100437719927,-63305792726,163743512653),(337,'579242',-64897084952,-101148431318,166045516270),(338,'373025',-59596931668,-105096461282,164693392950),(339,'177802',-47922162534,-50383747165,98305909699),(340,'634',1539341364,1202355489,2741696853),(341,'635',1852184388,773262203,2625446591),(342,'636',1292170170,1069929399,2362099569),(343,'6840042',2439921929167,573486674939,3013408604106),(344,'7207050',1720084877358,448704105898,2168788983256),(345,'637',1451819328560,790262899686,2242082228246),(346,'638',1811958343921,486607873552,2298566217473),(347,'7191348',1242828514810,807377896908,2050206411718),(348,'6602305',1567567295740,532765192290,2100332488030),(349,'6102778',1647958952654,483206470757,2131165423411),(350,'5524024',1337052073131,611622117733,1948674190864),(351,'5012906',1359569745482,616896523223,1976466268705),(352,'4549292',1230441039610,701238597956,1931679637566),(353,'4231029',1293323728331,697658342071,1990982070402),(354,'3697001',1438143187637,620134025443,2058277213080),(355,'3337958',1448392570026,605143947745,2053536517771),(356,'2961248',563688945207,171719602273,735408547480),(357,'2591702',568091224761,88323580721,656414805482),(358,'2184020',665502418738,178932514854,844434933592),(359,'1865008',814982078181,200708693342,1015690771523),(360,'1564425',346115764192,984078529235,1330194293427),(361,'1317428',352918216509,1581433623366,1934351839875),(362,'1005499',362100460441,2963307276165,3325407736606),(363,'967854',264806290114,3127094638725,3391900928839),(364,'734347',1066328205097,845801377599,1912129582696),(365,'490494',684280028865,1117696410452,1801976439317),(366,'281978',475742224361,1299925583481,1775667807842),(367,'124755',1242828514810,807377896908,2050206411718),(368,'24699',-301388155688,-1498332865279,1799721020967),(369,'626',999164648142,402385536607,1401550184749),(370,'627',1160191240766,629744043576,1789935284342),(371,'628',1421202050955,287165092652,1708367143607),(372,'629',1359986720463,557781253774,1917767974237),(373,'630',1485735707156,741313295280,2227049002436),(374,'631',1446013716108,270702991360,1716716707468),(375,'632',1293779464172,297013147030,1590792611202),(376,'633',1443342924445,282915184156,1726258108601),(377,'37746',-295238827270,-600577513981,895816341251),(378,'172729',-272574039000,-559235534000,831809574000),(379,'343986',231406705000,688086587000,919493292000),(380,'560901',522751483334,339494548215,862246031549),(381,'799313',-598414435000,160000000000,910576313),(382,'1023809',-525542923000,359000000000,990701203000),(383,'1317923',-523943196000,-459835238000,983778434000),(384,'1555308',9518623000000,3902202000000,13420825000000),(385,'1849446',528363744000,447847653000,976211397000),(386,'2167303',701930356102,528491842739,1230422198841),(387,'2582286',748513903865,684598438648,1433112342513),(388,'2951573',729584532457,473580243253,1203164775710),(389,'3319708',936990684434,247620770721,1184611455155),(390,'3712086',589127005482,745439915389,1334566920871),(391,'4117481',466476011134,747349980310,1213825991444),(392,'4543156',531259348782,665714533539,1196973882321),(393,'5011003',800622126342,996356535102,1796978661444),(394,'5521041',962403329377,541930941125,1504334270502),(395,'6036033',1455125112701,376705348120,1831830460821),(396,'6599141',1463088265015,344937414767,1808025679782),(397,'7191672',1464479429467,1958160098926,3422639528393),(398,'7187522',210084490056,111031380078,321115870134),(399,'6798750',168797612012,35023691056,203821303068),(400,'6048249',169546689001,30305174475,199851863476),(401,'5515699',185942765883,25508493366,211451259249),(402,'5004571',168823977230,25454387264,194278364494),(403,'4682199',204997194584,14604050512,219601245096),(404,'4120065',159606328266,7771430637,167377758903),(405,'3696623',148967638589,8142159577,157109798166),(406,'3326448',146218387199,8819532062,155037919261),(407,'2960536',107676933469,22620992956,130297926425),(408,'2591096',113564000000,34075000000,147639000000),(409,'609',3326974396915,3324566783454,6651541180369),(410,'610',3773894796976,2135530353872,5909425150848),(411,'611',3197602159490,2783055835602,5980657995092),(412,'612',3197410229042,2862613529383,6060023758425),(413,'613',3251859873592,2962855694260,6214715567852),(414,'614',2716279610513,3140298568705,5856578179218),(415,'615',2795969814265,2725947851044,0),(416,'616',2901631733795,2505931681532,5407563415327),(417,'617',2698775855039,2416229832477,5115005687516),(418,'300',64765719000,43405180000,108170899000),(419,'301',14050356000,97356234000,111406590000),(420,'302',8107116000,103583970000,111691086000),(421,'303',114072074000,21002998000,135075072000),(422,'82',48555779603,70439530702,118995310305),(423,'83',49888293834,80520589838,130408883672),(424,'84',56488209294,74867124273,131355333567),(425,'85',55230613907,70004939535,125235553442),(426,'86',46352797430,32543179588,78895977018),(427,'87',37085841856,33124029202,70209871058),(428,'88',51027876519,32069177205,83097053724),(429,'89',50223396168,32767944049,82991340217),(430,'90',61134787866,32986324248,94121112114),(431,'91',46266406000,44626246000,90892652000),(432,'92',40713469000,38876748000,79590217000),(433,'93',46729121,35921750,82650871),(434,'94',33631809,47723579,81355388),(435,'95',16998461,43639017,60637478),(436,'96',34414071,25641055,60055126),(437,'97',32822298,30899744,63722042),(438,'98',73816283,30490857,104307140),(439,'99',113400107,32297061,145697168),(440,'100',113071080,29355079,142426159),(441,'101',30106413,25051738,55158152),(442,'102',44100514,21331379,65431893),(443,'900',215969003264,146758005217,362727008481),(444,'901',269023892098,100324657525,369348549623),(445,'902',219546075348,98950058167,318496133515),(446,'903',386131676684,91248914220,477380590904),(447,'904',236580839096,271166608146,507747447242),(448,'905',222156351149,368983425023,591139776172),(449,'906',169856142695,316492203911,486348346606),(450,'7199600',2520227745,43088510456,45608738201),(451,'6610278',3867727136,36160875318,40028602454),(452,'6036951',21407996949,36498327227,57906324176),(453,'5518129',110941306253,26889433959,137830740212),(454,'5017613',88122096012,19725502352,107847598364),(455,'4546260',80489355008,17756599673,98245954681),(456,'7201830',366577414719,81580091886,448157506605),(457,'6607424',319659353963,75404797497,395064151460),(458,'6057726',248225987016,64838577342,313064564358),(459,'5527493',200671938717,27547491263,228219429980),(460,'5022544',161336226162,20188160643,181524386805),(461,'4630180',114836961653,27657033286,142493994939),(462,'7193204',267682207461,39533682023,307215889484),(463,'6616246',205123775060,64300531933,269424306993),(464,'6050402',223223118846,40002454385,263225573231),(465,'5527785',211442258080,76006230924,287448489004),(466,'5023963',151442792128,110282845154,261725637282),(467,'4544624',161317489933,80988926528,242306416461),(468,'4214504',130853061958,92974438004,223827499962),(469,'1861663',1162144652000,327910641000,1490055293000),(470,'2194750',1390665846000,772425513000,2163091359000),(471,'2593357',1339301673000,862266547000,2201568220000),(472,'2967040',1437421251000,702354142000,2139775393000),(473,'3337442',2261502989,1373217474,3634720463),(474,'3790109',1605871594,2057926999,3663798593),(475,'4216109',1429160620,1986359197,3415519817),(476,'4673624',1752534237,1459797415,3212331652),(477,'5026368',1737016313,1630200695,3367217008),(478,'5542370',1860495190,1981619301,3842114491),(479,'6039269',1956757549,1982637781,3939395330),(480,'6612758',2221443271,1606759196,3828202467),(481,'7201801',2991730223,3050990258,6042720481),(482,'193',517564388814,286291312657,803855701471),(483,'194',548121290075,218455704094,766576994169),(484,'195',491067961229,242174301750,733242262979),(485,'196',524271608642,125584949957,649856558599),(486,'197',607475186435,158497611287,765972797722),(487,'198',423054493491,416234672546,839289166037),(488,'199',490306287014,393579374205,883885661219),(489,'200',412180846100,266192412031,678373258131),(490,'201',375766959236,127360819239,503127778475),(491,'202',173756258096,201817494164,375573752260),(492,'203',139751759017,133779328205,273531087222),(493,'204',220344045353,59202975617,279547020970),(494,'205',18596459274,2073509,6241771262),(495,'206',11194814129,5851737032,17046551161),(496,'207',9169328466,6606554426,15775882892),(497,'6052691',664673134052,205203209321,869876343373),(498,'6611119',746546634133,194983134735,941529768868),(499,'7202425',934735105832,585873796763,1520608902595),(500,'4692819',503870032620,128690076995,632560109615),(501,'5021863',586108541634,161650557945,747759099579),(502,'5554925',660616545080,199285825719,859902370799),(503,'6051743',43411838162,13949589223,57361427385),(504,'6609311',11433315606,10588687831,22022003437),(505,'7197562',7509960088,31007579663,38517539751),(506,'217',407790973247,167008909379,574799882626),(507,'218',330367534923,111762829305,442130364228),(508,'219',654399862975,105317161180,759717024155),(509,'220',708119133721,105365893725,813485027446),(510,'221',519051411002,143137651912,662189062914),(511,'222',458086327293,173213429589,631299756882),(512,'223',355625153607,207761274368,563386427975),(513,'224',317110006232,203608799005,520718805237),(514,'225',342774737360,183670560904,526445298264),(515,'226',255714555565,159634302853,415348858418),(516,'227',217158320604,147137513590,364295834194),(517,'228',199424999991,140447945423,339872945414),(518,'229',177127025534,137986165235,315113190769),(519,'230',186364621816,129428081622,315792703438),(520,'231',97637392962,13761363311,111398756273),(521,'232',84416097451,14038564429,98454661880),(522,'233',90833898753,11831025416,102664924169);
/*!40000 ALTER TABLE `liabilities` ENABLE KEYS */;
UNLOCK TABLES;

--
-- Table structure for table `net_profit`
--

DROP TABLE IF EXISTS `net_profit`;
/*!40101 SET @saved_cs_client     = @@character_set_client */;
/*!50503 SET character_set_client = utf8mb4 */;
CREATE TABLE `net_profit` (
  `net_profit_id` bigint(20) NOT NULL,
  `dcm_no` varchar(20) DEFAULT NULL,
  `income_before_income_taxes` bigint(20) DEFAULT '0',
  `income_tax_expenses` bigint(20) DEFAULT '0',
  `net_income` bigint(20) DEFAULT '0',
  `earning_per_share` bigint(20) DEFAULT '0',
  PRIMARY KEY (`net_profit_id`),
  KEY `net_profit_ibfk_1` (`dcm_no`),
  CONSTRAINT `net_profit_ibfk_1` FOREIGN KEY (`dcm_no`) REFERENCES `income_statement` (`dcm_no`) ON DELETE CASCADE
) ENGINE=InnoDB DEFAULT CHARSET=utf8;
/*!40101 SET character_set_client = @saved_cs_client */;

--
-- Dumping data for table `net_profit`
--

LOCK TABLES `net_profit` WRITE;
/*!40000 ALTER TABLE `net_profit` DISABLE KEYS */;
INSERT INTO `net_profit` (`net_profit_id`, `dcm_no`, `income_before_income_taxes`, `income_tax_expenses`, `net_income`, `earning_per_share`) VALUES (1,'234',0,32911250739,66801909713,1523),(2,'235',0,34698118445,41812837456,953),(3,'236',0,25207573796,46013821121,1049),(4,'237',88531461369,22919612932,65611848437,1485),(5,'238',74476257855,19076163843,55400094012,1250),(6,'239',58795257585,14771896167,44023361418,994),(7,'240',67219530019,19990210578,47229319441,1074),(8,'241',67315403372,15843510387,51471892985,1261),(9,'242',75962293393,21712260251,54250033142,1329),(10,'243',96728211527,-23890299789,72837911738,1785),(11,'244',68350892348,-18249268379,50101623969,1228),(12,'603',628687000000,394000000,628293000000,900),(13,'281',895048419000,102908784000,792139635000,8979000),(14,'282',2060418674000,398483766000,1675000252000,18528000),(15,'283',1741320265000,130747863000,1600004912000,17168000),(16,'284',-346986612000,-2787403000,-344199209000,-3693000),(17,'285',290984960000,166730739000,-5617027000,-127000),(18,'286',284032670000,145415893000,138616777000,1487000),(19,'287',362535633000,125503183000,237032450000,2534000),(20,'288',1190526680000,236797505000,953729175000,10233000),(21,'289',1480907952000,272503517000,1208404435000,12990000),(22,'290',1480907952,272503517,1208404435,12990),(23,'291',819654834000,139893040000,679761794000,7311000),(24,'292',958337628000,70252729000,888084899000,9657000),(25,'293',483010563000,138671741000,344338822000,3740000),(26,'294',46003166993,18906113635,27097053358,2059),(27,'295',21488254552,4889701293,16598553259,1269),(28,'296',-1451676779,-2987824328,-3119849419,-229),(29,'60',1547897,127354,1420543,25632),(30,'61',1581278,158584,1453631,25988),(31,'62',643236,39133,612121,10924),(32,'63',683948,42254,641694,11457),(33,'64',6350983,529919,5821064,117516),(34,'65',329958076622,89610667663,240347408959,5458),(35,'66',168646140986,43994913230,124651227756,2742),(36,'67',167389652685,40306039498,127083613187,2727),(37,'68',212351720910,64449285079,147902435831,3114),(38,'69',341078840649,-79215913866,261862926783,5263),(39,'70',186976034803,-42606392521,144369642282,2887),(40,'71',133276356102,-12489868691,145766224793,7288),(41,'72',278023719764,80286717001,197737002763,9887),(42,'73',269191699508,75359159431,193832540077,193833),(43,'74',288757000000,77597000000,211160000000,3300000000),(44,'75',222500000000,64959000000,157541000000,2000),(45,'76',62711000000,17938000000,44774000000,44774000000),(46,'77',64434483197,22320413387,42114069810,0),(47,'78',54516816077,14863719328,39653096749,0),(48,'79',54516816077,14863719328,39653096749,0),(49,'80',14307999608,1761111200,12546888408,0),(50,'208',82017241282,20876904807,61140336475,8563),(51,'209',43762216908,5739053651,38023163257,5325),(52,'210',28646464678,6048539956,0,3165),(53,'211',15359474969,7514821839,7844653130,1099),(54,'212',15360452656,3120817208,12239635448,1714),(55,'213',12119437814,5315648347,6803789467,953),(56,'214',36277214026,6518054211,29759159815,4168),(57,'215',61243299095,14409777941,46833521154,6559),(58,'216',60305946265,14139817165,46166129100,7536),(59,'143',698105362557,177280520449,520824842108,0),(60,'144',747236333901,212739495008,534496838893,0),(61,'145',475563932722,105877953827,369685978895,0),(62,'146',320971573173,78546558469,242425014704,0),(63,'147',468384288479,118132887763,350251400716,0),(64,'148',413615124797,102934767639,310680357158,0),(65,'149',334562531231,91701935543,242860595688,0),(66,'150',468841786617,107721115931,361120670686,0),(67,'151',369952432602,88120117909,281832314693,0),(68,'152',411464277193,98207698655,313256578538,0),(69,'153',345019049584,79596249444,265422800140,4713),(70,'154',310103344239,77135210560,232968133679,4137),(71,'155',311972704533,85794076779,226178627754,4017),(72,'156',298829230839,77965876980,220863353859,0),(73,'157',209802019000,59226502000,150575517000,0),(74,'158',104003203,23961967,80041236,0),(75,'159',86967629000,24709645000,62257984000,0),(76,'160',10402000000,2142000000,8260000000,0),(77,'161',88612000000,23730000000,64882000000,0),(78,'184',25992000000,5893000000,20099000000,1740000000),(79,'185',42683000000,10528000000,32155000000,3209000000),(80,'186',35527000000,9947000000,25579000000,2552000000),(81,'187',109456000000,25573000000,83883000000,8403000000),(82,'188',52267000000,12413000000,39853000000,6682000000),(83,'189',38489000000,9955000000,28534000000,5721000000),(84,'190',30052000000,9459000000,20593000000,4900000000),(85,'191',20527000000,4392000000,21925000000,3778000000),(86,'192',567000000,-1591000000,2158000000,486000000),(87,'124',844554196609,303483314247,541070882362,3280),(88,'125',1550367036016,367990403276,1182376632740,7168),(89,'126',597512629546,134150391794,463362237752,2809),(90,'127',618838081455,209273167106,0,2476),(91,'128',-11406668863,2361440636671,2361440636671,17741),(92,'129',78776835000,17986500000,424286941000,3990000),(93,'130',71378249000,25440584000,96301645000,44952),(94,'131',149039085000,41885517000,107153568000,0),(95,'132',125818118000,33073175000,92744943000,0),(96,'133',146114845000,40120543000,105994302000,0),(97,'134',146114845000,40120543000,105994302000,0),(98,'135',207614000000,60435000000,147179000000,0),(99,'136',207614000000,60435000000,147179000000,0),(100,'137',62192000000,18989000000,43203000000,0),(101,'138',16011000000,4738000000,11273000000,0),(102,'139',155435309263,-47468789825,202904099088,3067),(103,'140',302975837250,78866642378,224109194872,3387),(104,'141',-115994753096,19022637285,-96972115811,-1466),(105,'142',-230900983153,-54077573626,-176823409527,-3115),(106,'163',44398855000000,11583728000000,32815127000000,4830),(107,'164',36533552000000,7732715000000,28800837000000,208881),(108,'165',14725074000000,3145325000000,11579749000000,81602),(109,'166',14352617000000,2114148000000,12238469000000,82680),(110,'167',17280641000000,2688860000000,14591781000000,96784),(111,'168',24217259000000,6287739000000,17929520000000,118946),(112,'169',20747858000000,3349328000000,17398530000000,115576),(113,'170',11493156000000,1464004000000,10029152000000,66868),(114,'171',15029332000000,1792871000000,13236461000000,88799),(115,'172',10840528000000,1191041000000,9649487000000,65499),(116,'173',5908221000000,382317000000,5525904000000,37684),(117,'174',8630004000000,1204988000000,7425016000000,49532),(118,'175',9216197000000,1290110000000,7926087000000,52880),(119,'176',8870472000000,1230259000000,7640213000000,49970),(120,'177',13124526000000,2337784000000,10786742000000,67899),(121,'178',6904490000000,945492000000,5958998000000,36356),(122,'179',8870466000000,1818705000000,7051761000000,42005),(123,'180',3082607183000,135671710000,2946935473000,17461),(124,'181',3082607183000,135671710000,2946935473000,34291),(125,'182',4027968337000,857565763000,3170402574000,20505),(126,'183',410856321000,97640283000,313216038000,3257),(127,'7200029',24690376649,9579096887,15111279762,539),(128,'6614426',86816949406,24825415878,61991533528,2213),(129,'6035351',199456607540,50922476401,148534131139,5302),(130,'5536720',175375434713,37668860868,137706573845,4916),(131,'5020982',102149184604,23936707076,78212477528,2792),(132,'4564108',121564441837,28254831023,93309610814,0),(133,'4117436',125089753721,40528665463,84561088258,0),(134,'3763765',109551806200,24360241540,85191564660,3041),(135,'3337491',97629775208,25609280350,72020494858,2571),(136,'2966088',188240464409,39370432244,148870032165,5314),(137,'2580537',180703504112,33214845826,147488658286,5265),(138,'2181413',-186856577284,-3016661166,-183839916118,-6562),(139,'7203854',153645000000,66000000,153711000000,288000000),(140,'6580893',143584000000,664000000,144248000000,270000000),(141,'6117728',146311000000,-598000000,145713000000,273000000),(142,'5535520',91311000000,-489000000,90822000000,171000000),(143,'5102576',56532000000,0,56532000000,147000000),(144,'4675835',809869000000,0,809869000000,5282000000),(145,'4120494',-1933612000000,-118989000000,-2052601000000,-136466000000),(146,'3777491',-530202000000,-73557000000,-456645000000,0),(147,'3475812',-49885000000,-45477000000,-4408000000,-22000000),(148,'2969003',115363000000,5621000000,109742000000,536000000),(149,'2595911',-33634000000,-6007000000,-27627000000,-135000000),(150,'2194166',590692891877,12846253388,577846638489,2823),(151,'1927858',444618920610,13628041152,430990879458,238),(152,'600',103500480698,27022548706,76477931992,1935),(153,'601',92812426601,22047857591,70764569010,1790),(154,'602',45476545086,11212471171,34264073915,867),(155,'297',49507501206,21440946051,28066555155,339),(156,'298',77484302332,34540171208,42944131124,505),(157,'299',124849971154,39463140469,85386830685,1077),(158,'263',1541496069125,448971525987,1092524543138,7507),(159,'264',1223469798456,323047038865,900422759591,6157),(160,'265',1162998025800,313585673092,849412352708,29192),(161,'266',909725429730,257909490324,651815939406,22397),(162,'267',848500733,205905080,642595653,21825),(163,'268',607019474892,146363481707,460655993185,15486),(164,'269',542726132479,105439654657,1960643768135,11575),(165,'270',713454436774,-177338215583,536116221191,12196),(166,'271',0,0,0,0),(167,'272',644700065823,150498152151,494201913672,11024),(168,'273',545043705279,123349785204,421693920075,9307),(169,'274',514700403726,151604186728,363096216998,7959),(170,'275',394317310474,114209592198,280107718276,6056),(171,'276',218502849832,66520659007,151982190825,3286),(172,'277',51716533677,42608426621,9108107056,588),(173,'278',62868947053,8881686259,53987260794,3537),(174,'279',66254197990,10730578393,55523619597,3712),(175,'280',26233103309,-3278879723,22954223586,1998),(176,'118',116014236619,30024319183,85989917436,1836),(177,'119',53987517252,-4037595820,58025113072,1239),(178,'120',-128818071326,-42781095758,-86036975568,-9187),(179,'121',54953638211,4562509940,50391128271,5381),(180,'122',66462548314,20511054416,45951493898,4907),(181,'123',-6034851429,36077947576,-33564337371,3849),(182,'307',-83912679581,15994597994,-99907277575,-4232),(183,'308',126902180592,41438758349,85463422243,3620),(184,'309',198970917070,50535735655,148435181415,6288),(185,'310',162536150237,41108132812,121428017425,5144),(186,'311',143226182657,36631465179,106594717478,4515),(187,'312',124447213659,28009446258,96437767401,4085),(188,'313',166895699402,37787020594,129108678808,5469),(189,'314',93110621956,21732956109,71377665847,3023),(190,'315',185819966270,45778402890,140041563380,6821),(191,'316',94385000000,27964000000,66421000000,0),(192,'317',83155788068,24925181665,58230606403,0),(193,'318',82607359886,24752963972,57854395914,0),(194,'319',42959715907,22852960421,20106755486,0),(195,'320',27722097781,28309353794,587256013,0),(196,'103',17871429822,1822621752,16048808070,296),(197,'104',-9702412036,-4286863629,-5415548407,-100),(198,'105',44719693583,3972177459,40747516124,752),(199,'106',68359450197,8318582954,60040867243,1108),(200,'107',20056532558,3414942363,16641590195,307),(201,'108',29306727907,-8008893258,21297834649,393),(202,'109',9349612765,1374262418,7975350347,147),(203,'110',8372966045,1355368915,7017597130,129),(204,'111',19066871020,4675930693,14390940327,286),(205,'112',75279837600,7223108857,68056728743,1380),(206,'113',54233238408,6555923600,47677314808,1192),(207,'258',13756582991,10571259154,3185323837,145),(208,'259',11225585676,6767521962,4458063714,0),(209,'260',-25131859346,-16503647922,-8628211424,0),(210,'261',83433926365,6382460343,77051466022,3502),(211,'262',104923827428,21901502124,83022325304,4044),(212,'14',580108,132384,445644,1020),(213,'15',645254,168502,476752,1092),(214,'16',686929,116538,570391,1306),(215,'17',652790,151748,501042,1148),(216,'18',481586,114258,367328,841),(217,'19',340603,96569,244034,559),(218,'20',331744,54232,277512,0),(219,'21',-132318,-69734,-62584,-144),(220,'22',164472,83622,80850,187),(221,'23',562603000000,-1865000000,564468000000,1305),(222,'24',359004978000,50880160000,308124818000,0),(223,'25',362882628000,79323155000,283559473000,0),(224,'26',320069072000,44779816000,275289256000,0),(225,'27',83700433000,-154285549000,237985982000,0),(226,'28',276334985000,28206658000,248128327000,0),(227,'29',32202505000,9564144000,22638360001,82),(228,'30',2974578000000,1250236000000,1724342000000,0),(229,'31',103253130000,30666179000,72586951000,0),(230,'32',223082256,68709335,154372921,0),(231,'33',-376397149000,65964539000,-442361688000,0),(232,'34',233685340000,72028159000,-161657181000,2260),(233,'246',101168334987,20510311819,80658023168,3408),(234,'247',139361217655,11243502148,128117715507,5414),(235,'248',235922314113,55507866197,180414447916,7624),(236,'249',10137328763,-2028594746,12165923509,514),(237,'250',53396128944,9818043144,43578085800,1841),(238,'251',125545630846,66676448191,58869182655,2488),(239,'252',-66125386075,-16086230747,-50039155328,-2481),(240,'253',-46850445922,-5761358891,-41089087031,0),(241,'254',-201193323506,-36852881338,-164340442168,-8153),(242,'255',132555448661,-31511661023,204439187716,10792),(243,'256',83323488923,5091321507,78232167416,5361),(244,'257',52306343195,-4104237974,56410581169,5561),(245,'37',-20448,-5215,-15324,-1532),(246,'38',-38223,-6419,-42683,0),(247,'39',77741,17764,59701,6005),(248,'40',104373,23973,75708,8051),(249,'41',88060,20299,67671,6785),(250,'42',99777,41793,57844,5850),(251,'43',88440,17195,70826,7134),(252,'44',68314,14836,43109,5354),(253,'45',52884,10834,40534,4208),(254,'46',53158000000,10057000000,41490000000,4314),(255,'47',28493000000,2875000000,21341000000,2562),(256,'1',95371475297,21444406763,73927068534,2528),(257,'2',116781183373,31272456398,85508726975,2924),(258,'3',105145271177,31968301847,73176969330,2503),(259,'4',78034460380,21774452593,56260007787,1924),(260,'5',79172344258,23245166241,55927178017,1913),(261,'6',119102195558,21742605719,97359589839,3330),(262,'7',114168816294,27167063561,87001752733,2975),(263,'8',103155203326,22483812927,80671390399,2759),(264,'9',147032378384,38941842581,108090535803,3697),(265,'10',121629280626,29386956117,92242324509,3155),(266,'11',94261559676,22725041175,71536518501,2447),(267,'12',106258058537,33577004027,72681054510,2486),(268,'13',90773814577,25037355784,65736458793,2248),(269,'245',21638241013,5956903376,15681337637,536),(270,'7203148',41445939674,27824719898,13621219776,453),(271,'6787549',296351841319,-68671370405,227680470914,7895),(272,'6787622',112725074085,39970476442,72754597643,2599),(273,'5541087',160982456002,-42030452836,118952003166,4259),(274,'5017900',-177993498926,22660355647,-155333143279,-5577),(275,'4560241',84311379502,39369108866,44942270636,1771),(276,'4115599',109099434159,25080221481,84019212678,3361),(277,'3710763',158689008793,27981614153,130707394640,5236),(278,'3336672',228556621350,43246064346,185310557004,7628),(279,'2967198',228823797530,17757848735,211065948795,12012),(280,'619',51016983742,10966393350,40050590392,1770),(281,'620',67155259390,15040001579,52115257811,2407),(282,'621',56114169866,11935941206,44178228660,2094),(283,'622',69752566484,-17512628482,52239938002,2476),(284,'623',54907334144,12113550235,42793783909,2028),(285,'624',39469222029,9316014083,30153207946,1508),(286,'625',13191172665,1759656470,11431516195,587),(287,'7207697',-230629069957,29076622935,-259705692892,-3258),(288,'6618059',182665093136,92434712924,90230380212,1174),(289,'6036390',247425874632,29872039888,217553834744,3210),(290,'5542885',52624706327,14453249187,38171457140,578),(291,'5019278',101204258334,28306494097,72897764237,1222),(292,'4669554',179232089982,18948403633,160283686349,0),(293,'4116412',82973411725,16911766257,66061645468,4919),(294,'3703838',97343715443,19405403035,77938312408,5803),(295,'3338768',132057899489,26769431994,105288467495,7846),(296,'2952369',120410965714,-8693900235,111717065479,8437),(297,'2583041',37551743369,-6455463545,31096279824,2394),(298,'2179726',67827758649,21893902274,45933856375,3550),(299,'1868083',17084714545,1450787326,15633927219,1214),(300,'1573014',28840222955,13179204520,15661018435,1163),(301,'1319228',-21879627678,11963440941,-33843068619,-2210),(302,'1087997',-11968482144,6376379970,-18344862114,-1222),(303,'853220',29325509398,4102630039,25222879359,1731),(304,'561597',4546840920,1819905834,2726935086,0),(305,'346361',-27691322726,-997414049,-26693908677,0),(306,'177433',1347561129,215192635,1132368494,0),(307,'48478',12690707961,3753298400,8937409561,1163),(308,'7207496',1531079992,1756674508,-225594516,-4),(309,'6824685',21960360227,9612737461,12347622766,196),(310,'6055609',-13104127492,-2149108284,-10955019208,-178),(311,'5781024',-8110300929,-307508288,-7802792641,-133),(312,'5781007',8605098747,2521848648,6083250099,108),(313,'4692159',-6998585667,-4334650388,-2663935279,-50),(314,'4231437',28011850686,-2104429654,25907421032,509),(315,'3711091',-16645204108,6904679219,0,-201),(316,'3334723',3811363962,-1191164753,0,0),(317,'2967078',1218433960,-183537962,1034895998,23),(318,'2589582',5836660547,-802100781,5034559766,113),(319,'2180751',-4299920431,37147491,-4337067922,-487),(320,'1862251',6206564124,833292041,-7039856165,-1089),(321,'604',48262910561,9946653448,38316257113,1916),(322,'605',60481434024,14483253543,0,2300),(323,'606',48400220716,10020244902,38379975814,1919),(324,'607',57604118558,12860467383,44743651175,2237),(325,'608',69900770606,15154229240,54746541366,2891),(326,'7206752',50496000000,10416000000,40081000000,869000000),(327,'6583853',52800000000,11470000000,41330000000,898000000),(328,'6039604',41351000000,262000000,41613000000,0),(329,'5541905',14887000000,801000000,14086000000,359000000),(330,'5021306',-53773000000,13713000000,-67486000000,-1722000000),(331,'4552281',44937000000,14737000000,30200000000,0),(332,'4229523',14987000000,8807000000,6180000000,158000000),(333,'3788045',-68699000000,-15979000000,-52720000000,-1345000000),(334,'2958662',41817803346,3441903185,38375900161,1365),(335,'1046018',7586245898,-628614651,8214860549,263),(336,'809637',-12126215610,0,-12126215610,-388),(337,'579242',-19082659427,0,19082659427,0),(338,'373025',3809517277,-4551381669,8360898946,0),(339,'177802',18404838240,5107049814,13297788426,0),(340,'634',809526595,218668297,590858298,40410),(341,'635',125971586,4624871,130596457,8932),(342,'636',219794760,308136,219486624,17496),(343,'6840042',321909452540,94183902721,227725549819,5184),(344,'7207050',569627007415,143904279262,425722728153,9691),(345,'637',50921620049,39001645697,11919974352,0),(346,'638',25196944107,4567753672,20629190435,2215),(347,'7191348',3343852155,44034788815,-40690936660,-584),(348,'6602305',42837314605,17924064352,24913250253,356),(349,'6102778',36912800258,18287485807,18625314451,266),(350,'5524024',68529172901,20125169363,48404003538,693),(351,'5012906',68166523496,20910137105,47256386391,0),(352,'4549292',44419634584,13163239450,31256395134,443),(353,'4231029',151171743660,66822347723,84349395937,1245),(354,'3697001',158024076908,30292688991,127731387917,1894),(355,'3337958',85510154760,25439664953,60070489807,1217),(356,'2961248',110188137788,47897356290,62290781498,1550),(357,'2591702',141649359004,20282183299,121367175705,2830),(358,'2184020',148804793325,-5997918950,154802712275,3601),(359,'1865008',147566119289,-3144898050,150711017339,-584),(360,'1564425',52585332919,-63364620922,115949953841,1772),(361,'1317428',303954048987,-208364156958,512318205945,4058),(362,'1005499',59075217751,0,59075217751,92053),(363,'967854',1252128647844,0,1252128647844,2778612),(364,'734347',919030262002,43870780976,962901042978,127497),(365,'490494',173920385179,-13632902881,160287482298,24453),(366,'281978',3343852155,44034788815,-40690936660,-584),(367,'124755',3343852155,44034788815,-40690936660,-584),(368,'24699',142285526572,-33546877386,108738649186,3068),(369,'626',317035795530,75817830920,241217964610,1948),(370,'627',349589310588,105653554778,243935755810,1970),(371,'628',338065142563,48627535323,289437607240,2337),(372,'629',566844897878,141888742984,424956154894,3431),(373,'630',468262122208,116067388605,352194733603,2844),(374,'631',561850391051,165422257221,396428133830,3201),(375,'632',623751333995,166885087384,456866246611,3689),(376,'633',195680547847,46835977619,148844570228,1202),(377,'37746',55161052000,16672585000,38488467000,10635),(378,'172729',57319137000,20255895000,37063242000,7232),(379,'343986',97185294000,26656719000,70528575,15006),(380,'560901',82766351606,19769359255,62996992351,0),(381,'799313',18771116000,64061819000,0,0),(382,'1023809',25781717,0,0,0),(383,'1317923',47005343000,12141636000,34863707,0),(384,'1555308',1487809000000,337033000000,1150776000000,0),(385,'1849446',50432937000,13923981000,36508956000,2371),(386,'2167303',78956651328,26982857368,51973793960,3375),(387,'2582286',164935580798,40178468331,124757112467,8101),(388,'2951573',100819102808,29281195993,521157018368,4645),(389,'3319708',125843516911,34491521790,91351995121,1186),(390,'3712086',160965743738,37798720791,123167022947,1600),(391,'4117481',162712473187,39806853873,122905619314,1596),(392,'4543156',150490958519,36875025637,113615932882,1476),(393,'5011003',213228311186,51651229149,161577082037,2098),(394,'5521041',373456972048,91166871200,282290100848,3666),(395,'6036033',190939860474,46125316115,144814544359,1881),(396,'6599141',148349842712,34752122144,113597720568,1475),(397,'7191672',157222975823,42939291669,114283684154,1484),(398,'7187522',95284829279,23245595169,72039234110,1165),(399,'6798750',103812398220,26196151821,77616246399,1255),(400,'6048249',107306385849,26767819013,80538566836,0),(401,'5515699',150178137728,35835567244,114342570484,1849),(402,'5004571',121015629046,29283791335,91731837711,1483),(403,'4682199',153159858612,36646247906,116513610706,1884),(404,'4120065',186851022343,49281135335,137569887008,2224),(405,'3696623',151192864135,7137683205,144055180930,2282),(406,'3326448',135025978524,71722396463,63303582061,1000),(407,'2960536',94508866096,-22986810485,71522055611,1156),(408,'2591096',133373761156,-32432421232,100941339924,1676),(409,'609',351411322517,60265274479,291146048038,9694),(410,'610',481326059352,119332040733,0,12503),(411,'611',713417752198,72537662705,640880089493,22512),(412,'612',482473582233,98468896509,0,13781),(413,'613',733347531963,244654149548,488693382415,17538),(414,'614',451221620998,136453991449,314767629549,11296),(415,'615',645565156071,162242057429,483323098642,17346),(416,'616',466056256465,158729040932,307327215533,11029),(417,'617',362852892060,115257411796,247595480264,8886),(418,'300',140835196000,30201771000,110633425000,1104000),(419,'301',-1534633000,-5718010000,4183377000,42000),(420,'302',14689482000,13173210000,1516272000,15000),(421,'303',-2970700000,180651000,-3151351000,-39000),(422,'82',147848456566,10912053425,136936403141,1388),(423,'83',146491971016,29839307303,116652663713,1179),(424,'84',150835196588,28584634284,122250562304,1232),(425,'85',146432871098,27395972758,119036898340,1199),(426,'86',115906519382,22598769654,93307749728,940),(427,'87',124301858791,25389934919,98911923872,996),(428,'88',121906018952,25907642058,95998376894,967),(429,'89',122173360349,24793261715,97380098634,1657),(430,'90',117376832716,26670439724,90706392992,3088),(431,'91',144363906000,27531427000,116832479000,3977),(432,'92',134878288,-27060759,107817529,3670),(433,'93',109948120,19828613,90119507,3068),(434,'94',97636350,21163593,76472757,2603),(435,'95',82645655,18754273,63891383,2175),(436,'96',82916253,16058126,66858127,2276),(437,'97',68029416,14577128,53452288,1820),(438,'98',66543700,13468795,53074905,1812),(439,'99',19032469,3679146,15353323,0),(440,'100',50336567,12229182,38107385,12885),(441,'101',35338621,10838701,24499920,12091),(442,'102',35338621,10838701,24499920,12091),(443,'900',18091283476,64970363744,68933398009,7699),(444,'901',25625285981,8064638074,17560647907,2081),(445,'902',-8186845959,-2952087164,-5234758795,-620),(446,'903',15268599788,2351923589,12916676199,1541),(447,'904',62953441058,15001773236,47951667822,6114),(448,'905',44160261364,9868915618,34291345746,4551),(449,'906',17333043010,82626303104,-65293260094,-8939),(450,'7199600',28230559083,10219168536,18011390547,2898),(451,'6610278',31072354641,884275905,30188078736,5428),(452,'6036951',57807456178,15444380845,435657938794,5405),(453,'5518129',112694635948,25847235630,86847400318,10601),(454,'5017613',115946982043,26470255164,89476726879,10915),(455,'4546260',98841055882,23861195627,74979860255,7093),(456,'7201830',121990304721,29347303473,92643001248,9222),(457,'6607424',26519243250,5154397554,21364845696,2127),(458,'6057726',11790331776,1583764312,10206567464,1016),(459,'5527493',43571960840,8494271530,35077689310,3888),(460,'5022544',28784194040,6568918151,22215275889,2469),(461,'4630180',19178357907,3718238548,15460119359,1718),(462,'7193204',72727537654,18845891723,53881645931,5227),(463,'6616246',69200686281,26632013851,42568672430,4331),(464,'6050402',74507114188,20870049566,53637064622,5704),(465,'5527785',56787711765,15841608356,40946103409,4354),(466,'5023963',15137646805,21910388220,-6772741415,-720),(467,'4544624',48482145538,13328404588,35153740950,3738),(468,'4214504',6007410218,1590436301,4416973917,470),(469,'1861663',28489461000,12227638000,16261823000,1335000),(470,'2194750',42780555000,17414483000,25366072000,1969000),(471,'2593357',328575622000,56436510000,272139112000,20150000),(472,'2967040',838421043000,151934595000,686486448000,50375000),(473,'3337442',233813865,75266106,158547759,11490),(474,'3790109',206595285,26762375,179832910,12959),(475,'4216109',272124740,69278639,202846101,14424),(476,'4673624',171347444,46292099,125055345,0),(477,'5026368',206655860,48829133,157826727,11174),(478,'5542370',261061632,63739284,197322348,13960),(479,'6039269',296172461,56938754,239233707,16918),(480,'6612758',1235911701,309642870,926268831,58653),(481,'7201801',-73352619,1108871,-74461490,0),(482,'193',365633013229,79351820212,286281193017,2253),(483,'194',312274618195,57913668200,254360949995,2040),(484,'195',509624065415,106443549505,403180515910,3301),(485,'196',269621817235,48209135062,221412682173,1909),(486,'197',223177638969,21172774977,202004863992,1847),(487,'198',162201484097,34141100550,128060383547,1264),(488,'199',116766418113,13012009015,103754409098,1053),(489,'200',184874525470,13253678754,171620846716,993),(490,'201',185631513075,15582862975,170048650100,1465),(491,'202',109858885783,1486571010,108372314773,979),(492,'203',66405391854,7917202870,58544420710,573),(493,'204',17616437649,2576431869,14571059491,153),(494,'205',2427782598,139937974,2287844624,390),(495,'206',2332691436,462148842,1870542594,381),(496,'207',2979583239,396647714,2582935525,767),(497,'6052691',31829735779,7074240759,24755495020,1433),(498,'6611119',202458580391,48316305072,154142275319,8923),(499,'7202425',198904816778,49136437880,149768378898,0),(500,'4692819',128019945460,30453956629,97565988831,3960),(501,'5021863',193114704907,41991764269,151122940638,6121),(502,'5554925',218928606459,51542101807,167386504652,3378),(503,'6051743',5220746083,1321300972,3507920570983,75184),(504,'6609311',134218715857,1939611813,0,788),(505,'7197562',5118080923,2826753530,2291327393,24),(506,'217',467843363522,138546302872,329297060650,0),(507,'218',361109193636,86448274485,274660919151,3981),(508,'219',0,128452813666,0,0),(509,'220',785430518674,191511932129,593918586545,8610),(510,'221',700907693874,166672654434,534235039440,7744),(511,'222',474724975351,118101148734,356623826617,51694),(512,'223',363375613089,92565261991,270810351098,39253),(513,'224',370380898065,-94880608632,275500289433,39933),(514,'225',420419931270,-101610792818,318809138452,46212),(515,'226',355543600436,71062368075,284481232361,47598),(516,'227',299280427452,73402741472,225877685980,37658),(517,'228',244310702793,74075226815,170235475978,28225),(518,'229',248862291923,71006308137,177855983786,29529),(519,'230',83605479516,27501722274,56103757242,4500),(520,'231',54874977335,14009658968,40865318367,1551),(521,'232',77658881690,18198945471,59459936219,2358),(522,'233',49288858800,10937793098,38351065702,1799);
/*!40000 ALTER TABLE `net_profit` ENABLE KEYS */;
UNLOCK TABLES;

--
-- Table structure for table `operating`
--

DROP TABLE IF EXISTS `operating`;
/*!40101 SET @saved_cs_client     = @@character_set_client */;
/*!50503 SET character_set_client = utf8mb4 */;
CREATE TABLE `operating` (
  `operating_id` bigint(20) NOT NULL,
  `dcm_no` varchar(20) DEFAULT NULL,
  `sales` bigint(20) DEFAULT '0',
  `cost_of_sales` bigint(20) DEFAULT '0',
  `gross_profit` bigint(20) DEFAULT '0',
  `selling_and_administ_rative_expenses` bigint(20) DEFAULT '0',
  `operating_income` bigint(20) DEFAULT '0',
  PRIMARY KEY (`operating_id`),
  KEY `operating_ibfk_1` (`dcm_no`),
  CONSTRAINT `operating_ibfk_1` FOREIGN KEY (`dcm_no`) REFERENCES `income_statement` (`dcm_no`) ON DELETE CASCADE ON UPDATE CASCADE
) ENGINE=InnoDB DEFAULT CHARSET=utf8;
/*!40101 SET character_set_client = @saved_cs_client */;

--
-- Dumping data for table `operating`
--

LOCK TABLES `operating` WRITE;
/*!40000 ALTER TABLE `operating` DISABLE KEYS */;
INSERT INTO `operating` (`operating_id`, `dcm_no`, `sales`, `cost_of_sales`, `gross_profit`, `selling_and_administ_rative_expenses`, `operating_income`) VALUES (1,'234',119151671682,0,1171612631049,186666174285,67514502603),(2,'235',95211616261,0,991236129388,171519964869,76308348608),(3,'236',0,1237998080878,1064912143470,173085937408,78329508751),(4,'237',0,1212014123657,1038957000196,173057123461,76824344848),(5,'238',0,1134904534962,973978578110,160925956852,78178069610),(6,'239',0,1140086345759,996637008890,143449336869,79377532889),(7,'240',0,1096209967591,954020971400,142188996191,72465126713),(8,'241',0,1054456979211,909683949959,144773029252,65297694239),(9,'242',0,0,859675133279,138843556800,62716715832),(10,'243',0,758234613615,-632697494943,125537118672,-59965264337),(11,'244',0,437714649233,-369989490524,67725158709,-28707317262),(12,'603',0,0,0,0,0),(13,'281',0,3006128697000,1240007308000,1766121389000,473366109000),(14,'282',0,3679762542000,1161578118000,2518184424000,465738507000),(15,'283',0,3103342788000,945083175000,2158259613000,449090719000),(16,'284',0,1199714934000,789377723000,410337211000,342175183000),(17,'285',0,1667199695000,822475025000,844724670000,460009786000),(18,'286',0,1589720863000,858670100000,731050763000,377163994000),(19,'287',0,1493807904000,806937819000,686870085000,328334498000),(20,'288',0,2349804656000,791720738000,1558083918000,340562344000),(21,'289',0,43863584885000,40799365500000,3064219385000,1350157942000),(22,'290',0,43863584885,40799365500,3064219385,1350157942),(23,'291',0,35827543834000,33599320931000,2228222903000,1320469537000),(24,'292',0,45737325810000,42420665825000,3316659985000,1425162572000),(25,'293',0,14862294474000,13515428033000,1346866441000,742703805000),(26,'294',0,1184206016190,924650740066,259555276124,167972815092),(27,'295',0,0,968766116071,236576351918,180890961048),(28,'296',0,65969986740,15720765238,18104196913,-2383431675),(29,'60',0,3245516,1764617,1480899,0),(30,'61',0,2672412,1611447,1060965,0),(31,'62',0,2477840,1608374,869466,0),(32,'63',0,3113719,2267346,846373,0),(33,'64',0,2065032,1812314,252718,0),(34,'65',0,1974143343756,1736926460159,237216883597,0),(35,'66',0,1805743163495,1595421256965,210321906530,0),(36,'67',0,1528627921669,1347568586282,181059335387,0),(37,'68',0,0,1441682121469,0,0),(38,'69',0,1475223452420,-1312922587990,0,0),(39,'70',0,1312563188099,-1184920754594,0,0),(40,'71',0,1275185477909,1185971443015,0,0),(41,'72',0,1160945660217,0,0,1081360827507),(42,'73',0,1107909900106,0,0,994555995807),(43,'74',0,1002667000000,0,0,908485000000),(44,'75',0,938817000000,0,0,862583000000),(45,'76',0,872316000000,0,0,823511000000),(46,'77',0,884251212706,0,0,848393097889),(47,'78',0,572973626533,460459171513,112514455020,54088017630),(48,'79',0,572973626533,460459171513,112514455020,54088017630),(49,'80',0,366002012524,294898987200,71103025324,52791559475),(50,'208',0,1282444399759,533245307840,749199091919,662482157234),(51,'209',0,1120763404864,501809871942,618953532922,551104772382),(52,'210',0,960655105548,473740715280,486914390268,457918278452),(53,'211',0,893803536904,456250961341,437552575563,414666004849),(54,'212',0,884540955989,473759274606,410781681383,393719795702),(55,'213',0,846193148648,452807637428,393385511220,372673510394),(56,'214',0,790015550619,418390334778,371625215841,345139652418),(57,'215',0,788338688646,413997014385,374341674261,341073548455),(58,'216',0,0,410892188257,381437882167,328195330979),(59,'143',0,5096158487530,3827901784073,1268256703457,576582195053),(60,'144',0,5083718449397,3865028582400,1218689866997,552082687673),(61,'145',0,4547167387867,3534966629591,1012200758276,554270127159),(62,'146',0,4006911340589,3130242171607,876669168982,599861516042),(63,'147',0,4352976599247,3476085569653,876891029594,537123813412),(64,'148',0,4574778185517,3645117166243,929661019274,565302549404),(65,'149',0,4632856907628,3812274641856,820582265772,491927923838),(66,'150',0,4423654262118,3492136791144,931517470974,466713837432),(67,'151',0,3952469934765,3194543301308,757926633457,420133976116),(68,'152',0,3626580100406,2931270201154,695309899252,352588035081),(69,'153',0,2494051624072,1967682213279,526369410793,258807324327),(70,'154',0,2519425341420,2000649745815,518775595605,259121962198),(71,'155',0,2164100326967,1657532417289,506567909678,250560251106),(72,'156',0,2101722024087,1622917852446,478804171641,221066055661),(73,'157',0,1875221795000,1478099846000,397121949000,195294826000),(74,'158',0,1770410746,1493434185,276976561,198712182),(75,'159',0,1704013531000,1452503422000,251510109000,182542326000),(76,'160',0,1551103000000,1303391000000,247712000000,237078000000),(77,'161',0,1320604000000,1055885000000,264719000000,187310000000),(78,'184',0,1159950000000,960209000000,199741000000,172622000000000000),(79,'185',0,1666024000000,1381650000000,284374000000,227469000000000000),(80,'186',0,1624180000000,1351234000000,272946000000,222826000000000000),(81,'187',0,1583353000000,1263775000000,319578000000,212798000000000000),(82,'188',0,1169695000000,965621000000,204074000000,149011000000000000),(83,'189',0,1264340000000,1075745000000,188595000000,154024000000000000),(84,'190',0,1282861000000,1111259000000,171602000000,149604000000000000),(85,'191',0,1312355000000,1155896000000,156459000000,143755000000000000),(86,'192',0,229280000000,21138000000,7126000000,25818000000000000),(87,'124',0,19983631881162,17347190699206,2636441181956,2052941228072),(88,'125',0,20833131447378,18089547813071,2743583634307,2034182451995),(89,'126',0,20442825136863,17912964761742,2529860375121,1967946345957),(90,'127',0,20001558969088,17602205425604,2399353543484,2367796779571),(91,'128',0,8885125467394,7461001692859,1424123774535,1633153335940),(92,'129',0,3312659234000,2024759134000,1287900100000,1195295806000),(93,'130',0,3018453698000,2463372630000,555081068000,446973609000),(94,'131',0,1453432638000,1278480280000,174952358000,24919742000),(95,'132',0,1305781060000,1148852573000,156928487000,22594003000),(96,'133',0,1164937492000,1048658344000,116279148000,55599055000),(97,'134',0,1164937492000,1048658344000,116279148000,55599055000),(98,'135',0,930550000000,838976000000,91574000000,44441000000),(99,'136',0,930550000000,838976000000,91574000000,44441000000),(100,'137',0,759500000000,658103000000,101397000000,46604000000),(101,'138',0,592795000000,506615000000,86180000000,35975000000),(102,'139',0,701591859755,509584425113,192007434642,100265047444),(103,'140',0,535805801067,390645859406,145159941661,89481197135),(104,'141',0,464629334143,332829273189,131800060954,65820658543),(105,'142',0,294622020774,-268088357643,26533663131,-56956301711),(106,'163',0,170381870000000,101666506000000,68715364000000,25015913000000),(107,'164',0,161915007000000,101399657000000,60515350000000,25658259000000),(108,'165',0,133947204000000,97290644000000,36656560000000,23009124000000),(109,'166',0,135205045000000,99659336000000,35545709000000,22147494000000),(110,'167',0,137825547000000,99188713000000,38636834000000,24711840000000),(111,'168',0,158372089000000,110731528000000,47640561000000,25833556000000),(112,'169',0,141206377000000,99431997000000,41774380000000,23263944000000),(113,'170',0,120815977000000,90406166000000,30409811000000,11377686000000),(114,'171',0,112249475000000,77980673000000,34268802000000,13360678000000),(115,'172',0,89772834000000,68402534000000,21370300000000,15021772000000),(116,'173',0,72952991000000,55380601000000,17572390000000,13438320000000),(117,'174',0,63175968000000,46846546000000,16329422000000,10386567000000),(118,'175',0,58972765000000,42359753000000,16613012000000,9679079000000),(119,'176',0,57457670000000,40158150000000,17299520000000,9239745000000),(120,'177',0,57632359000000,37279686000000,20352673000000,8335796000000),(121,'178',0,43582016000000,29518753000000,14063263000000,6870561000000),(122,'179',0,39813109000000,26300562000000,13512547000000,6034352000000),(123,'180',0,32380374608000,24514732782000,7865641826000,5570308129000),(124,'181',0,32380374608000,24514732782000,7865641826000,5570308129000),(125,'182',0,26117785751000,17661171944000,8456613807000,3975113690000),(126,'183',0,20084176527000,13975748868000,6108427659000,3008468868000),(127,'7200029',0,1880761562365,1730798553560,149963008805,101282220899),(128,'6614426',0,2162546325347,1945446041022,217100284325,110431199947),(129,'6035351',0,2257262819435,1946941946870,310320872565,122704816225),(130,'5536720',0,2034463841111,1761474022055,272989819056,103439346217),(131,'5020982',0,2040816531893,1842976891969,197839639924,83908444809),(132,'4564108',0,2243350090826,2033880265292,209469825534,79696127310),(133,'4117436',0,2372687342927,2141483704942,231203637985,93470439938),(134,'3763765',0,2341407324109,2128777909543,212629414566,67731349106),(135,'3337491',0,0,2110096026735,183964507287,63402721468),(136,'2966088',0,2187161208693,1933288255152,253872953541,75308528432),(137,'2580537',0,1745872133611,1531884673208,213987460403,63570090130),(138,'2181413',0,1007833319858,886550739858,121282580000,37538478005),(139,'7203854',0,2155925000000,1894722000000,261203000000,52730000000),(140,'6580893',0,2337517000000,2083500000000,254017000000,50998000000),(141,'6117728',0,2013013000000,1775892000000,237121000000,35446000000),(142,'5535520',0,1606337000000,1409567000000,196770000000,37704000000),(143,'5102576',0,1760590000000,1488325000000,272265000000,42492000000),(144,'4675835',0,1555024000000,1302799000000,252225000000,37619000000),(145,'4120494',0,2428186000000,2546209000000,-118023000000,212373000000),(146,'3777491',0,4919476000000,5017619000000,-98143000000,98296000000),(147,'3475812',0,5059026000000,5077736000000,-18710000000,85986000000),(148,'2969003',0,5768938000000,5568065000000,200873000000,95217000000),(149,'2595911',0,3989252000000,3992236000000,-2984000000,78274000000),(150,'2194166',0,8267278698230,7416367575561,850911122669,105923556339),(151,'1927858',0,4873448967879,4312134190926,561314776953,105375199424),(152,'600',0,732834533701,385943778899,346890754802,239116937042),(153,'601',0,0,378104558578,333797239168,241586111846),(154,'602',0,0,0,184481033918,139458267199),(155,'297',0,1251836230039,1171591290568,80244939471,0),(156,'298',0,1159865512772,1099853788560,60011724212,0),(157,'299',0,1668776658371,1500889357944,167887300427,0),(158,'263',0,3900013295633,-2506201301207,1393811994426,0),(159,'264',0,3459014042545,-2195465089416,1263548953129,0),(160,'265',0,2930661324862,-1752423852137,1178237472725,0),(161,'266',0,2496498317219,1528147409640,968350907579,0),(162,'267',0,2141274744,1314783446,826491298,0),(163,'268',0,1637164959037,925265388147,711899570890,0),(164,'269',0,1223505707826,633108160988,590397546838,0),(165,'270',0,1511390501304,826503453503,684887047801,0),(166,'271',0,0,0,0,0),(167,'272',0,1312505733211,549117450979,763388282232,156260071947),(168,'273',0,1237110915677,525150671667,711960244010,180141604779),(169,'274',0,1208126638495,520141485707,687985152788,196810351557),(170,'275',0,920208853482,333667357410,586541496072,197050083048),(171,'276',0,573397587644,206562971279,366834616365,137274404015),(172,'277',0,357494015454,124566072239,232927943215,101455488935),(173,'278',0,229382650758,80994773907,148387876851,73684306958),(174,'279',0,166311136324,60483775555,105827360769,40476001554),(175,'280',0,74613804052,30286118922,44327685130,14098368103),(176,'118',0,3323374073140,2837548253559,485825819581,340226341173),(177,'119',0,3108352389364,2729391796439,378960592925,283565827010),(178,'120',0,3095560471582,2821634134106,273926337476,346909934990),(179,'121',0,3141618834775,2749461097565,392157737210,332277093601),(180,'122',0,3094153876827,2728253228186,365900648641,303111752411),(181,'123',0,936851816650,110330389547,97807160080,12523229467),(182,'307',0,4026463938671,3025763349676,1000700588995,890844458097),(183,'308',0,4112678442682,3039772535608,1072905907074,886433492547),(184,'309',0,4099341305980,3038178083694,1061163222286,853699994613),(185,'310',0,3939442418372,2926068535684,1013373882688,838834001598),(186,'311',0,3896136546045,2932665231836,963471314209,803291343188),(187,'312',0,3754294609543,2827640318909,926654290634,782263024230),(188,'313',0,3519060025775,2638908290221,880151735554,576948139756),(189,'314',0,3212151434437,2410380046490,801771387947,540722558191),(190,'315',0,3400328426093,2540842998204,859485427889,500830394263),(191,'316',0,1981200000000,1491746000000,489454000000,390075000000),(192,'317',0,1756929410870,1331591607905,425337802965,352535086638),(193,'318',0,1726139814655,1325638324974,400501489681,325293429868),(194,'319',0,1783619353317,1395035431929,388583921388,325851970907),(195,'320',0,1486346127325,1164624753758,321721373567,297641234855),(196,'103',0,203177826675,127795755822,75382070853,92632048393),(197,'104',0,141324138794,78823550023,62500588771,68210086527),(198,'105',0,163837003921,95330971349,68506032572,65374758828),(199,'106',0,204448545945,129391133490,75057412455,62997976102),(200,'107',0,183466673020,117859807124,65606865896,64059882925),(201,'108',0,194123189993,124537913152,69585276841,67286806631),(202,'109',0,187159148950,121095400032,66063748918,61902083927),(203,'110',0,171024165484,106465444201,64558721283,65437360941),(204,'111',0,0,127649236117,86817205560,73846570300),(205,'112',0,228261737697,138871754432,89389983265,63856310322),(206,'113',0,163127912609,105258608431,57869304178,39852692552),(207,'258',0,1451894504537,1314092327801,137802176736,119703084908),(208,'259',0,1477507584978,1336170839811,141336745167,117245437564),(209,'260',0,1760325842149,1616830017646,143495824503,139060047300),(210,'261',0,1859889724935,1664590240247,195299484688,107088387192),(211,'262',0,1903224118864,1679427960759,223796158105,111031573414),(212,'14',0,12337746,3429631,8908115,8216348),(213,'15',0,12096778,3002886,9093892,8359184),(214,'16',0,12261930,2932657,9329273,8485599),(215,'17',0,11434770,2597486,8837284,8081507),(216,'18',0,10780359,2505101,8275258,7628926),(217,'19',0,10984928,2336645,8648283,8055200),(218,'20',0,11452151,0,0,0),(219,'21',0,10778973,0,10904831,0),(220,'22',0,9251407,0,8967711,0),(221,'23',0,0,0,8498507000000,7845988000000),(222,'24',0,4949119770000,4469856517000,479263253000,92315260000),(223,'25',0,4797950756000,4297961681000,499989075000,120939665000),(224,'26',0,4585520297000,4128912767000,456607530000,132662294000),(225,'27',0,3943456287000,3407231410000,536224877000,119693263000),(226,'28',0,3509448887000,3028598824000,480850063000,120905570000),(227,'29',0,3209430062000,2967341223000,242088839000,110940834000),(228,'30',0,74399819000000,56622826000000,17776993000000,12627671000000),(229,'31',0,2266494588000,2032232923000,234261665000,56655423000),(230,'32',0,2121779046,1695858568,425920478,56059032),(231,'33',0,1850641159000,2069073009000,-218431850000,50482437000),(232,'34',0,1438412045000,1511749503000,-73337458000,33796198000),(233,'246',0,8042527935160,7185241469933,857286465227,569555794601),(234,'247',0,7607397531293,6897546514380,709851016913,534143494804),(235,'248',0,7149756338327,6346810786677,802945551650,536606424215),(236,'249',0,5321757788641,4750516993690,571240794951,499943508961),(237,'250',0,5691346072943,5007661217074,683684855869,499549754024),(238,'251',0,5840222889426,5092717726022,747505163404,500856611680),(239,'252',0,5504037544896,4975565400615,528472144281,499439511976),(240,'253',0,0,4631497145648,440255979556,0),(241,'254',0,4310661065035,3987916913111,322744151924,395752091258),(242,'255',0,3719351417915,3289999188144,429352229771,328035263645),(243,'256',0,2229818909250,1963005534162,266813375088,221182440648),(244,'257',0,1415644067577,1244932397876,170711669701,119743000966),(245,'37',0,2710501,2132173,578328,536287),(246,'38',0,2817733,2253098,564635,523228),(247,'39',0,0,2191705,620976,514414),(248,'40',0,2490561,1866647,623914,498256),(249,'41',0,2370082,1773139,596943,479396),(250,'42',0,2440439,1897270,543169,424286),(251,'43',0,2285965,1793587,492378,396835),(252,'44',0,2073996,1646717,427279,362726),(253,'45',0,2067165,1683997,383168,328171),(254,'46',0,1939116000000,1580218000000,358898000000,303671000000),(255,'47',0,1440890000000,1167021000000,273869000000,214072000000),(256,'1',0,1405258776905,562590244918,842668531987,752243633037),(257,'2',0,1414779246508,561901232127,852878014381,742015284521),(258,'3',0,1389250127725,533747787419,855502340306,740454972867),(259,'4',0,1379859088627,544913342663,834945745964,735921864629),(260,'5',0,1429859309967,561097442678,868761867289,778176801496),(261,'6',0,1385279237193,510681515754,874597721439,762997980044),(262,'7',0,1416402437687,545147022255,871255415432,762175466751),(263,'8',0,1389652917559,542488356359,847164561200,745564522449),(264,'9',0,0,534046341382,876878996535,-731832728564),(265,'10',0,1121225929416,394618638472,726607290944,606118824843),(266,'11',0,922152767297,340428456631,581724310666,488907732816),(267,'12',0,790803082983,300183176551,490619906432,384842731039),(268,'13',0,738083812690,276881686490,461202126200,369476278636),(269,'245',0,151000271487,55874890271,95125381216,72717220553),(270,'7203148',0,3222420900008,2262495124973,959925775035,781573667224),(271,'6787549',0,3342150236230,2390600134469,951550101761,797395811440),(272,'6787622',0,3210151211364,2186720784376,1023430426988,817317575615),(273,'5541087',0,3125539306617,2087064911393,1038474395224,814412847158),(274,'5017900',0,3381053199667,2319746068950,1061307130717,821059169098),(275,'4560241',0,3905571942828,2861127775231,1044444167597,893769597542),(276,'4115599',0,3963412881590,2859344340306,1104068541284,906226097166),(277,'3710763',0,4103325509899,2969428124009,1133897385890,876801485612),(278,'3336672',0,4063828838425,2969915704021,1093913134404,792381173617),(279,'2967198',0,3241178403512,2410661996663,830516406849,579170142363),(280,'619',0,854579663720,736577863037,118001800683,56211392851),(281,'620',0,891722289393,742236084923,149486204470,78008242699),(282,'621',0,681624683359,535935941731,145688741628,84392476111),(283,'622',0,619588215998,479268797958,140319418040,70315814979),(284,'623',0,506556490889,390804276663,115752214226,60809340810),(285,'624',0,439080476348,346570152152,92510324196,49970680985),(286,'625',0,0,217118653023,50761849267,34903781856),(287,'7207697',0,0,0,1513471072651,1317407148128),(288,'6618059',0,0,0,1173924651860,1051558596682),(289,'6036390',0,0,0,978700276407,881149453558),(290,'5542885',0,0,0,861205412109,790210907348),(291,'5019278',0,0,0,862085190602,741494589227),(292,'4669554',0,0,0,487804642416,305285968565),(293,'4116412',0,0,0,502063480623,417833823491),(294,'3703838',0,0,0,428093976728,320703755007),(295,'3338768',0,0,0,418717585238,301339714286),(296,'2952369',0,0,0,345509570505,-247602389830),(297,'2583041',0,0,0,244556149721,-200015119845),(298,'2179726',0,0,0,233963082766,187952422516),(299,'1868083',0,0,0,214508048297,163010069270),(300,'1573014',0,197091054644,87479205145,109611849499,73570975417),(301,'1319228',0,202501031367,99182086905,103318944462,64746113593),(302,'1087997',0,187427788955,82504981309,104922807646,69284133028),(303,'853220',0,141427551550,59091482712,82336068838,44767780925),(304,'561597',0,225226873714,187939813739,37287059975,22058591802),(305,'346361',0,90961772817,81870744307,9091028510,8831926248),(306,'177433',0,28464510375,21660461982,6804048393,12314530120),(307,'48478',0,7729384620,3063919458,4665465162,5611746306),(308,'7207496',0,0,0,83624725387,70371804662),(309,'6824685',0,0,0,117576190821,62974472106),(310,'6055609',0,0,0,86655383846,76396153704),(311,'5781024',0,0,0,82466031979,72624796511),(312,'5781007',0,0,0,75605689080,71032686629),(313,'4692159',0,0,0,63470858866,67530838606),(314,'4231437',0,0,0,55685932215,-66153042307),(315,'3711091',0,0,0,54490271688,-56930625000),(316,'3334723',0,0,0,0,48593142652),(317,'2967078',0,0,0,70992866710,-65062240829),(318,'2589582',0,0,0,64392763279,-53872942786),(319,'2180751',0,43338610828,50839709577,0,0),(320,'1862251',0,16029648528,22439687796,0,0),(321,'604',0,374540780179,245030968487,129509811692,107270964023),(322,'605',0,418280333607,277919724549,140360609058,102066337486),(323,'606',0,421637499359,295389334042,126248165317,94170957888),(324,'607',0,422079577542,292884820110,129194757432,93314046710),(325,'608',0,421332723710,288803051898,132529671812,90712553851),(326,'7206752',0,294788000000,240169000000,54619000000,20638000000),(327,'6583853',0,318903000000,254116000000,64787000000,22477000000),(328,'6039604',0,294946000000,224785000000,70161000000,23380000000),(329,'5541905',0,250636000000,210757000000,39879000000,18491000000),(330,'5021306',0,257670000000,235775000000,21895000000,15588000000),(331,'4552281',0,236475000000,219650000000,16825000000,17253000000),(332,'4229523',0,250102000000,234498000000,15604000000,15129000000),(333,'3788045',0,349537000000,333791000000,15746000000,18288000000),(334,'2958662',0,298410396864,246114522535,52295874329,14235916932),(335,'1046018',0,134548795367,119009455309,15539340058,6297210918),(336,'809637',0,114302823182,110024846116,4277977066,4829149705),(337,'579242',0,96174120976,-109222564716,-13061862740,8706040646),(338,'373025',0,120707461968,96537889777,24169572191,11591669770),(339,'177802',0,120524682071,86413975890,34110706181,8536662096),(340,'634',0,492651093,193286568,299364525,51723552),(341,'635',0,0,198095156,381243396,43395449),(342,'636',0,0,159281009,305960666,23733129),(343,'6840042',0,0,2357892580333,435705135858,141414293575),(344,'7207050',0,4211144006960,3476149552529,734994454431,188837629508),(345,'637',0,0,2784438281919,326540749043,179587219154),(346,'638',0,0,1894106101025,240961682807,151462947139),(347,'7191348',0,1830147018997,1068130524828,762016494169,681721774690),(348,'6602305',0,1657621697751,980435119051,677186578700,587137130829),(349,'6102778',0,1664922295167,949616970273,715305324894,631811352348),(350,'5524024',0,1637185183396,908917771118,728267412278,610348672457),(351,'5012906',0,1663246296988,931359621142,731886675846,608129541897),(352,'4549292',0,1605639274161,915045994718,690593279443,595285902675),(353,'4231029',0,1628737708941,909474975239,719262733702,576402094149),(354,'3697001',0,1674527255056,944325723183,730201531873,591977541663),(355,'3337958',0,984947019188,571883979791,413063039397,322096657859),(356,'2961248',0,705579079241,411862020505,293717058736,206783462774),(357,'2591702',0,681861303144,381869577944,299991725200,185824338823),(358,'2184020',0,735259392406,408710187856,326549204550,181721363943),(359,'1865008',0,669427845314,373592397043,295835448271,157738867064),(360,'1564425',0,700794285704,389020497665,311773788039,188869885847),(361,'1317428',0,729710005614,384379625183,345330380431,134874141834),(362,'1005499',0,202838253540,103924681384,98913572156,32723845897),(363,'967854',0,693053774900,361553198810,331500576090,137948390105),(364,'734347',0,615972652243,341275206404,274697445839,145098086422),(365,'490494',0,590404369910,337846406898,252557963012,156599031824),(366,'281978',0,1830147018997,1068130524828,762016494169,681721774690),(367,'124755',0,1830147018997,1068130524828,762016494169,681721774690),(368,'24699',0,513050427476,301580241761,211470185715,104322431389),(369,'626',0,3173056805801,2360726491994,812330313807,536240966737),(370,'627',0,3193229259746,2295365670551,897863589195,567078571856),(371,'628',0,3266619240730,2264159840189,1002459400541,677385394874),(372,'629',0,3312163223302,2146707772135,1165455451167,656092520573),(373,'630',0,3358416967127,2229179663699,1129237303428,434620799742),(374,'631',0,3667465152000,2463249810337,1204215341663,382174441115),(375,'632',0,0,2684892724358,1227627350453,391284525525),(376,'633',0,0,955580969693,409794667824,269006912833),(377,'37746',0,901496014000,704421845000,197074168000,146421335000),(378,'172729',0,891840789000,656887707000,234953082000,172241280000),(379,'343986',0,1046526937000,760535771000,285991166000,203861648000),(380,'560901',0,1759692157049,1314014724291,445677432758,347485933680),(381,'799313',0,2097225053000,1482084020000,615141033000,507364598000),(382,'1023809',0,2208555484000,1591346819000,617208665000,540286055000),(383,'1317923',0,2321809561000,1659491350000,662318211000,594677904000),(384,'1555308',0,31040637000000,27305865000000,3734772000000,2417377000000),(385,'1849446',0,2755950833000,2003071772000,752879061000,683521785000),(386,'2167303',0,3218878228785,2361792303285,857085925500,749915009275),(387,'2582286',0,3682463038517,2709186376178,973276662339,825350442365),(388,'2951573',0,3473705515209,2665495662667,808209852542,716139904859),(389,'3319708',0,0,3142683256976,841344348024,748767006821),(390,'3712086',0,4502004745968,3514382864277,987621881691,842930015078),(391,'4117481',0,4705551542606,3656067616113,1049483926493,894017549402),(392,'4543156',0,4958373994973,3899308727503,1059065267470,915690805781),(393,'5011003',0,6189347697822,4988695421894,1200652275928,984906480481),(394,'5521041',0,7186237961539,5851904755381,1334333206158,1126125679262),(395,'6036033',0,7946892573110,6474296756704,1472595816406,1317861143507),(396,'6599141',0,8354476258130,6610423105828,1744053152302,1606093916864),(397,'7191672',0,8621105977396,6792417884840,1828688092556,1640634316779),(398,'7187522',0,490752464360,357090945421,133661518939,37299441182),(399,'6798750',0,480339213881,338685734346,141653479535,36747355169),(400,'6048249',0,501295523773,354922782973,146372740800,38204229900),(401,'5515699',0,548230023132,364909691284,183320331848,32137389173),(402,'5004571',0,505663483168,350704970717,154958512451,36580971394),(403,'4682199',0,540680448121,358629749319,182050698802,34288365820),(404,'4120065',0,561327447273,336648068956,224679378317,33551439013),(405,'3696623',0,502404459542,315915513889,186488945653,40076907877),(406,'3326448',0,0,356839993271,168071876762,30616183469),(407,'2960536',0,528512574680,-399118965519,129393609161,-33811834971),(408,'2591096',0,488823842512,-359475046566,0,0),(409,'609',0,13154820005943,9527689215268,3627130790675,3375990318203),(410,'610',0,13148336659460,9338644059252,3809692600208,3320354768062),(411,'611',0,12450694737824,8709836660403,3740858077421,3102408995886),(412,'612',0,11631228087043,8127341198596,3503886888447,2870673792560),(413,'613',0,11148885581913,7831516838904,3317368743009,2687949045912),(414,'614',0,10838213346763,7641456103302,3196757243461,2539918972931),(415,'615',0,10780080908863,7606623091431,3173457817432,2414238087475),(416,'616',0,0,7782434274923,3156586922359,2380655672580),(417,'617',0,0,5153351289253,2047441988116,1474544702646),(418,'300',0,173166014000,0,173166014000,36042003000),(419,'301',0,20324935000,0,20324935000,27481289000),(420,'302',0,17895862000,0,17895862000,22670904000),(421,'303',0,12692933000,0,12692933000,17655196000),(422,'82',0,441898585482,374804288487,67094296995,41342419003),(423,'83',0,495108546328,423121821297,71986725031,43222652001),(424,'84',0,503282370937,425608142628,77674228309,44063138984),(425,'85',0,466716608370,394703891389,72012716981,38949213523),(426,'86',0,462297464374,388059752138,74237712236,38567221064),(427,'87',0,453718086807,376075308402,77642778405,37051953776),(428,'88',0,425764542987,351924593237,73839949750,34297739627),(429,'89',0,421460963141,350995050820,70465912321,30717364147),(430,'90',0,0,340440962554,66704568541,27530265000),(431,'91',0,353666230000,291421783000,62244447000,19823506000),(432,'92',0,308838422000,-251013517,57824905,-17509329),(433,'93',0,282336739,237169256,45167483,15745961),(434,'94',0,235209650,197381601,37828048,13851576),(435,'95',0,222018927,185954614,36064312,13031957),(436,'96',0,220231122,185506307,34724815,13201048),(437,'97',0,218729070,185124088,33604982,12456867),(438,'98',0,176292656,146158956,30133700,11051994),(439,'99',0,154772859,113618444,41154415,27039348),(440,'100',0,159438645,135762544,23676100,4291270),(441,'101',0,136233659,115300292,20933367,4436918),(442,'102',0,136233659,115300292,20933367,4436918),(443,'900',0,612249372560,300320229968,311929142592,180925435532),(444,'901',0,567246558305,274101825527,293144732778,179714020619),(445,'902',0,554767229476,275059531007,279707698469,176942054263),(446,'903',0,560278128264,283765765957,276512362307,191797493091),(447,'904',0,567910906983,273783340939,294127566044,182415621435),(448,'905',0,568093686798,263991485583,304102201215,193230394844),(449,'906',0,0,233809322257,262013750652,222591199343),(450,'7199600',0,30737794958,184269914,30553525044,5338618649),(451,'6610278',0,11724097979,184269914,11539828065,6490414589),(452,'6036951',0,395501604033,253870796564,141630807469,97534102413),(453,'5518129',0,706553726543,395144601820,311409124723,212071245658),(454,'5017613',0,659415282693,373696610469,285718672224,191754051783),(455,'4546260',0,554439671113,321277654806,233162016307,156994624670),(456,'7201830',0,739010730696,639674431076,99336299620,59155686450),(457,'6607424',0,679385373829,610262695579,69122678250,46988350461),(458,'6057726',0,528204487117,471192514117,57011973000,38224532397),(459,'5527493',0,505504970561,425382379064,80122591497,36818876213),(460,'5022544',0,372482450750,315943516017,56538934733,28337301166),(461,'4630180',0,246823433879,212805627832,34017806047,19462465532),(462,'7193204',0,1078617769665,675059108495,403558661170,228439366780),(463,'6616246',0,955704716508,575815576906,379889139602,225337965559),(464,'6050402',0,884277077684,524706461994,359570615690,216428390104),(465,'5527785',0,831985529732,497098888575,334886641157,206455398859),(466,'5023963',0,592493473515,296312148751,296181324764,195721300765),(467,'4544624',0,544129759246,263788537362,280341221884,226410997998),(468,'4214504',0,86318151855,40086525014,46231626841,38692654234),(469,'1861663',0,1002840555000,646048338000,356792217000,266444841000),(470,'2194750',0,3494878333000,2385713573000,1109164760000,847516131000),(471,'2593357',0,3838732304000,2707103741000,1131628563000,869725493000),(472,'2967040',0,3962652400000,2794430147000,1168222253000,961409580000),(473,'3337442',0,0,3221513834,1199544526,1029969533),(474,'3790109',0,4671189309,3330565157,1340624152,1094513950),(475,'4216109',0,4513827392,3154275619,1359551773,1069328332),(476,'4673624',0,4328999139,3017120989,1311878150,998703088),(477,'5026368',0,4539667404,3106799074,1432868330,1103955780),(478,'5542370',0,4862290055,3349789534,1512500521,1223976333),(479,'6039269',0,5267127916,3661990214,1605137702,1352011189),(480,'6612758',0,6045731628,4375562791,1670168837,1375875846),(481,'7201801',0,5882531864,4285823891,1596707973,1393050887),(482,'193',0,981870268852,413929009828,567941259024,208023653428),(483,'194',0,861884226306,349050389603,512833836703,177857406392),(484,'195',0,828917201749,203090948815,625826252934,108441031105),(485,'196',0,577574961774,223441759864,354133201910,101441796535),(486,'197',0,528784432676,207626193280,321158239396,67028639739),(487,'198',0,404621867934,105330387287,299291480647,103527462576),(488,'199',0,224575287050,66592226683,157983060367,56999516323),(489,'200',0,348955192699,91916528820,257038663879,59947965640),(490,'201',0,0,50626239539,227966344862,28325287749),(491,'202',0,180948490381,39431035736,141517454645,34897810378),(492,'203',0,145551442591,51591896985,93959545606,22207254024),(493,'204',0,83689668087,36137585852,47552082235,16780365058),(494,'205',0,48978359086,40545864426,8432494660,5480455469),(495,'206',0,43895203701,36494968591,7400235110,4620870429),(496,'207',0,35868056385,28825436157,7042620228,3739865307),(497,'6052691',0,0,0,168880243105,142167679730),(498,'6611119',0,0,4756919130120,1017239055985,826970626609),(499,'7202425',0,0,4889095576669,1054308502985,858777497259),(500,'4692819',0,3303137208421,2530828382172,772308826249,659844799110),(501,'5021863',0,4257634355417,3394117083148,863517272269,688732609859),(502,'5554925',0,4941266443471,4001615799002,939650644469,742698286723),(503,'6051743',0,5608311621,0,5608311621,7227898772),(504,'6609311',66091585766,0,0,86754835880,20663250114),(505,'7197562',0,35695031073,0,0,21303225689),(506,'217',440472610010,0,1165353568496,2748476597261,2308003987251),(507,'218',0,3670704956645,1154975320724,2515729635921,2143454636984),(508,'219',474371353865,0,1102357883062,2525185161950,2050813808085),(509,'220',0,4270866854669,1142391763566,3128475091103,2367003986344),(510,'221',0,3757959211854,1040224599215,2717734612639,2030013792927),(511,'222',0,3182316593688,948608203171,2233708390517,1731754476084),(512,'223',0,2667649501512,848339072821,1819310428691,1443760140921),(513,'224',0,2510394369100,805319548923,1705074820177,1331288767946),(514,'225',0,0,732730758551,1560676322021,1190814103931),(515,'226',0,2058513891222,555941172626,1502572718596,1162354622361),(516,'227',0,1769009924840,507939165805,1261070759035,960490937643),(517,'228',0,1531336361462,465058756258,1066277605204,811070811553),(518,'229',0,1357005812763,403114897324,953890915439,705263118621),(519,'230',0,711491637979,221717923668,489773714311,393507721920),(520,'231',0,698096023821,361105841720,336990182101,276870825748),(521,'232',0,697333017993,345641247572,351691770421,274257330060),(522,'233',0,629574910972,303705718821,325869192151,275783806727);
/*!40000 ALTER TABLE `operating` ENABLE KEYS */;
UNLOCK TABLES;

--
-- Table structure for table `other`
--

DROP TABLE IF EXISTS `other`;
/*!40101 SET @saved_cs_client     = @@character_set_client */;
/*!50503 SET character_set_client = utf8mb4 */;
CREATE TABLE `other` (
  `other_id` bigint(20) NOT NULL,
  `dcm_no` varchar(20) DEFAULT NULL,
  `other_income` bigint(20) DEFAULT '0',
  `other_expenses` bigint(20) DEFAULT '0',
  PRIMARY KEY (`other_id`),
  KEY `other_ibfk_1` (`dcm_no`),
  CONSTRAINT `other_ibfk_1` FOREIGN KEY (`dcm_no`) REFERENCES `income_statement` (`dcm_no`) ON DELETE CASCADE ON UPDATE CASCADE
) ENGINE=InnoDB DEFAULT CHARSET=utf8;
/*!40101 SET character_set_client = @saved_cs_client */;

--
-- Dumping data for table `other`
--

LOCK TABLES `other` WRITE;
/*!40000 ALTER TABLE `other` DISABLE KEYS */;
INSERT INTO `other` (`other_id`, `dcm_no`, `other_income`, `other_expenses`) VALUES (1,'234',46976740223,69053389102),(2,'235',27503167814,55701594956),(3,'236',54984773987,77621721377),(4,'237',49435260945,55393733033),(5,'238',42077890170,48048035556),(6,'239',29713076182,35207013214),(7,'240',25493723214,29950109902),(8,'241',22069023755,34045535972),(9,'242',23949245957,24591519955),(10,'243',66348518222,-35192161030),(11,'244',56193249940,-26860199039),(12,'603',750000000,0),(13,'281',17242383000,97284370000),(14,'282',19235735000,33797237000),(15,'283',20079587000,65668893000),(16,'284',12056009000,299961243000),(17,'285',9232394000,109085897000),(18,'286',7998334000,50430254000),(19,'287',34536836000,124536523000),(20,'288',22843926000,19387929000),(21,'289',2242765616000,2475919107000),(22,'290',2242765616,2475919107),(23,'291',3207462954000,3295561486000),(24,'292',5137344912000,6070504697000),(25,'293',601976089000,723128162000),(26,'294',9994113774,36809030173),(27,'295',6597446157,22995782035),(28,'296',626423202,1844398426),(29,'60',2218,33648),(30,'61',808348,81920),(31,'62',39862,115778),(32,'63',4107,23507),(33,'64',6309426,122217),(34,'65',2049881529,11689287286),(35,'66',1962728442,10211428607),(36,'67',1041933781,5654522135),(37,'68',3058154842,5016807803),(38,'69',288624856168,-109846879949),(39,'70',148307225820,-88973624522),(40,'71',131873493134,87811171926),(41,'72',1726396689660,1527957802606),(42,'73',188335292649,32497497440),(43,'74',226065000000,31490000000),(44,'75',172037000000,25772000000),(45,'76',36646000000,22739000000),(46,'77',66445198413,37868830033),(47,'78',13845408204,27871716059),(48,'79',13845408204,27871716059),(49,'80',14327923660,18331389901),(50,'208',19803584861,17347860621),(51,'209',9217187110,27654549311),(52,'210',8165299735,6588645713),(53,'211',7969781334,12706367210),(54,'212',6072230419,6335920391),(55,'213',10596718499,6658157285),(56,'214',13654554217,5238687679),(57,'215',27177579722,6313667373),(58,'216',5939221037,2857554154),(59,'143',16539980843,58138858252),(60,'144',57084080249,18357907967),(61,'145',36747899813,26098151107),(62,'146',84527902785,57658365100),(63,'147',120330682981,22387646634),(64,'148',84411692386,59766255140),(65,'149',47013134505,46914518675),(66,'150',52776575799,54271038204),(67,'151',17726159355,5497467499),(68,'152',56613476999,8469926691),(69,'153',102627192416,25170229298),(70,'154',62460802661,12011091829),(71,'155',62843250608,6878204647),(72,'156',60234895115,19143780256),(73,'157',28900989000,20926093000),(74,'158',44867478,19128654),(75,'159',44351464000,26351618000),(76,'160',51737000000,51968000000),(77,'161',52915000000,41712000000),(78,'184',15589000000,17288000000),(79,'185',23945000000,27900000000),(80,'186',41785000000,38690000000),(81,'187',46113000000,46049000000),(82,'188',23840000000,28030000000),(83,'189',21951000000,19675000000),(84,'190',31433000000,19456000000),(85,'191',32734000000,19404000000),(86,'192',15242000000,-12796000000),(87,'124',1139567065283,900564140028),(88,'125',1759925345406,915839280219),(89,'126',936588821887,832241133943),(90,'127',1554566260687,973816439338),(91,'128',455138851966,82660772395),(92,'129',26698085000,21411568000),(93,'130',6233913000,58991382000),(94,'131',28174735000,29168266000),(95,'132',17580846000,26097212000),(96,'133',115000773000,29566021000),(97,'134',115000773000,29566021000),(98,'135',209296000000,48815000000),(99,'136',209296000000,48815000000),(100,'137',55884000000,48485000000),(101,'138',30105000000,59388000000),(102,'139',4003486749,2108781313),(103,'140',390399125406,8748272773),(104,'141',889983389,136243346),(105,'142',1217829613,-39010156),(106,'163',972145000000,504562000000),(107,'164',2767967000000,1065014000000),(108,'165',2185600000000,1289594000000),(109,'166',1543190000000,792058000000),(110,'167',3507303000000,706929000000),(111,'168',3130308000000,792210000000),(112,'169',2860100000000,621002000000),(113,'170',3225803000000,1203878000000),(114,'171',3356213000000,750614000000),(115,'172',12030679000000,7538679000000),(116,'173',7609996000000,5835845000000),(117,'174',4162084000000,1474935000000),(118,'175',3409422000000,1127158000000),(119,'176',2671359000000,1860662000000),(120,'177',2136741000000,1029092000000),(121,'178',1115155000000,1403367000000),(122,'179',2123956000000,731685000000),(123,'180',1820503821000,1033230335000),(124,'181',1820503821000,1033230335000),(125,'182',1647344802000,1834618397000),(126,'183',1827611741000,4486717804000),(127,'7200029',49644347485,37057543699),(128,'6614426',51630487370,41242695296),(129,'6035351',65986738660,73321698425),(130,'5536720',70572318478,69205118948),(131,'5020982',77256970036,58783469718),(132,'4564108',84128241646,60844929605),(133,'4117436',88129485851,64748585143),(134,'3763765',79640928569,62167294693),(135,'3337491',104526168395,75270940991),(136,'2966088',121150017752,111473978452),(137,'2580537',170166165920,139880032081),(138,'2181413',119122908018,389723587297),(139,'7203854',-11286000000,0),(140,'6580893',-6479000000,0),(141,'6117728',-10963000000,0),(142,'5535520',-24417000000,0),(143,'5102576',-104837000000,0),(144,'4675835',706274000000,0),(145,'4120494',-1547369000000,0),(146,'3777491',-147667000000,0),(147,'3475812',0,0),(148,'2969003',0,0),(149,'2595911',0,0),(150,'2194166',502710405006,657005079459),(151,'1927858',268654316958,279974973877),(152,'600',2812092500,0),(153,'601',7278372020,0),(154,'602',5455011794,0),(155,'297',2650286236,89609711263),(156,'298',5876770089,48448338756),(157,'299',1690660882,46567142554),(158,'263',19881970261,99543705520),(159,'264',34248500036,158244574044),(160,'265',7546980201,108940998443),(161,'266',10209874415,105328091885),(162,'267',28903178,45210354),(163,'268',6760658542,33375066382),(164,'269',6983494338,134309617551),(165,'270',21607583771,63137007355),(166,'271',0,0),(167,'272',83282833795,45710978257),(168,'273',52373966687,39148900639),(169,'274',95803061267,72277458772),(170,'275',37641299710,32815402260),(171,'276',13472442347,24529804865),(172,'277',37967821219,117723741822),(173,'278',11879105929,23713728769),(174,'279',3160020163,2257181388),(175,'280',1248854187,5245067905),(176,'118',25389794002,45173516916),(177,'119',25465309780,39877104374),(178,'120',31951252035,58696434925),(179,'121',66771081698,46290295515),(180,'122',108965400071,79418297846),(181,'123',15700849982,4867591162),(182,'307',2960414160,182936198420),(183,'308',4421976485,56416637896),(184,'309',7231358716,5573691147),(185,'310',7246042303,6877403393),(186,'311',6202207538,4945187167),(187,'312',4875095344,4894846336),(188,'313',5541083864,2208146071),(189,'314',8987269736,4875168889),(190,'315',13660052318,9656760041),(191,'316',24094000000,29087000000),(192,'317',25910642332,15439512243),(193,'318',19625544742,12818334720),(194,'319',17216194927,15827574292),(195,'320',12642370456,9000411387),(196,'103',9733621552,2805641186),(197,'104',8130716651,2870353879),(198,'105',8857129030,4570681648),(199,'106',8730117644,8760774033),(200,'107',8742015770,12540925693),(201,'108',11088680869,6020291851),(202,'109',12018680876,-7450376594),(203,'110',17961438247,-3269444117),(204,'111',13533714274,-13760925206),(205,'112',57520734124,7774569467),(206,'113',49216572753,12999945971),(207,'258',7366344521,4652384981),(208,'259',9113048877,8216437669),(209,'260',5959414366,29567387337),(210,'261',10034961155,11401197119),(211,'262',10558668668,11343825798),(212,'14',58343,80907),(213,'15',51649,52315),(214,'16',67706,111998),(215,'17',107032,90385),(216,'18',89849,71329),(217,'19',77647,95109),(218,'20',57956,-71521),(219,'21',0,0),(220,'22',0,0),(221,'23',0,5642),(222,'24',84508992000,112452007000),(223,'25',110046833000,126213615000),(224,'26',74185414000,78061578000),(225,'27',99680593000,432511774000),(226,'28',66494362000,150103870000),(227,'29',79658197000,178603697000),(228,'30',3031507000000,5180490000000),(229,'31',73103045000,147456157000),(230,'32',57009794,203788984),(231,'33',89241386000,196724248000),(232,'34',54816745000,181368429000),(233,'246',209909293620,350528875956),(234,'247',143270369175,140136830612),(235,'248',161210527646,167087078243),(236,'249',169365779293,199522906893),(237,'250',99661527683,188814428497),(238,'251',99720697001,155127065073),(239,'252',119083007075,125032326267),(240,'253',0,0),(241,'254',96651601957,127024224680),(242,'255',97967753781,94694946786),(243,'256',157367733780,119675179297),(244,'257',104132085549,102794411089),(245,'37',11842,59157),(246,'38',19162,75760),(247,'39',13772,-27116),(248,'40',24016,-28886),(249,'41',21495,-34965),(250,'42',0,0),(251,'43',0,0),(252,'44',0,0),(253,'45',27138,20679),(254,'46',26989000000,22087000000),(255,'47',17314000000,48618000000),(256,'1',11846263934,19326038012),(257,'2',9730908441,10506543534),(258,'3',17756482716,26446990105),(259,'4',7405384527,-13378673322),(260,'5',14363304997,-12324407619),(261,'6',9715154374,-10455280126),(262,'7',8512120582,-13845167893),(263,'8',10899491910,-10847592853),(264,'9',13526028731,-15727142621),(265,'10',15392352890,14251538365),(266,'11',17033661079,15588679253),(267,'12',15812829787,15331946643),(268,'13',8075920743,9027953730),(269,'245',1396112022,2166031672),(270,'7203148',77522775475,92394245231),(271,'6787549',128215112131,113935119601),(272,'6787622',104308466265,120474201232),(273,'5541087',77778777561,113800568715),(274,'5017900',66137324276,441640181847),(275,'4560241',28966606036,66159724602),(276,'4115599',28181501180,75334061253),(277,'3710763',34660725837,79295967549),(278,'3336672',48096854156,294774683913),(279,'2967198',109952501846,132474968802),(280,'619',1661378389,1224778718),(281,'620',1764323700,1032515316),(282,'621',245308075,1189935924),(283,'622',1029440022,677361642),(284,'623',427183534,503047835),(285,'624',405515174,3218271966),(286,'625',453782230,1270230418),(287,'7207697',10964194874,438146371624),(288,'6618059',58558282108,42354112035),(289,'6036390',244605054922,13784809221),(290,'5542885',6481776302,12559117128),(291,'5019278',6504279019,12922913682),(292,'4669554',885466431,6050093569),(293,'4116412',6757631594,15050383006),(294,'3703838',478458290,18336553314),(295,'3338768',10977114818,108125177149),(296,'2952369',30288819933,-7785034894),(297,'2583041',5159704716,-12148991223),(298,'2179726',47543967324,25726868925),(299,'1868083',9125553332,43538817814),(300,'1573014',18356511828,25557162955),(301,'1319228',18507632046,78960090593),(302,'1087997',6350338232,53957494994),(303,'853220',6001712053,14244490568),(304,'561597',2479800737,13161427990),(305,'346361',2384053067,30334478055),(306,'177433',17362451487,10504408631),(307,'48478',13747147115,110158010),(308,'7207496',14023075,-9214649744),(309,'6824685',12078834100,-22686056070),(310,'6055609',269558801,-2203638610),(311,'5781024',752004415,-2697045698),(312,'5781007',14232807084,-7166813394),(313,'4692159',771900684,-2635742155),(314,'4231437',44128059665,-100676519),(315,'3711091',1741852546,-245648747),(316,'3334723',18493074243,6613624016),(317,'2967078',1472071679,-6184263600),(318,'2589582',4512411592,-9195571538),(319,'2180751',0,0),(320,'1862251',0,0),(321,'604',18885496077,1393125908),(322,'605',15643419639,2007638886),(323,'606',820417286,808696137),(324,'607',796527874,4382779174),(325,'608',2108240516,279137167),(326,'7206752',16155000000,5027000000),(327,'6583853',6836000000,3444000000),(328,'6039604',1713000000,8008000000),(329,'5541905',5286000000,11316000000),(330,'5021306',94548000000,142317000000),(331,'4552281',61856000000,19950000000),(332,'4229523',30441000000,15179000000),(333,'3788045',6859000000,70997000000),(334,'2958662',11935112191,8177266242),(335,'1046018',10301674725,11957557967),(336,'809637',3325779096,14900822067),(337,'579242',18430261247,15745017288),(338,'373025',4047941168,12816326312),(339,'177802',1971830504,9315103960),(340,'634',773235619,132493288),(341,'635',1036428,145632470),(342,'636',1368744,5851855),(343,'6840042',21889356774,30158750002),(344,'7207050',16173359471,31775279585),(345,'637',7727611280,14011472289),(346,'638',22019500655,26765087252),(347,'7191348',11182157714,45576386575),(348,'6602305',9124656594,21057875585),(349,'6102778',20321581196,30290820670),(350,'5524024',19954997621,43401314891),(351,'5012906',20734058832,35466704550),(352,'4549292',15339054101,23488773836),(353,'4231029',55385340187,21846806538),(354,'3697001',80983231085,27102350442),(355,'3337958',15784814908,100341237027),(356,'2961248',60507135444,37252593618),(357,'2591702',86720608765,0),(358,'2184020',72824959045,68848006327),(359,'1865008',91368623726,81899085644),(360,'1564425',115137228480,185455797753),(361,'1317428',228505984312,135008173922),(362,'1005499',17778686842,24893195350),(363,'967854',203396235808,1649077069637),(364,'734347',60681838535,1109311459954),(365,'490494',53472314743,343296355948),(366,'281978',11182157714,45576386575),(367,'124755',11182157714,45576386575),(368,'24699',36178213709,185192277510),(369,'626',337298346785,59119880706),(370,'627',278107897290,59844998319),(371,'628',269834700932,108907097625),(372,'629',342409766383,99457727753),(373,'630',266777329567,103755755466),(374,'631',290061772118,172164918339),(375,'632',304695237237,133998588925),(376,'633',129503811803,60174016542),(377,'37746',38710368000,34323751000),(378,'172729',20948968000,30780233000),(379,'343986',38595985000,23540209000),(380,'560901',11133915928,26559063400),(381,'799313',13170367000,38113867000),(382,'1023809',14690157000,33991060000),(383,'1317923',27510248000,48145212000),(384,'1555308',1081056000000,910642000000),(385,'1849446',14093135000,33019474000),(386,'2167303',31469757233,59684022130),(387,'2582286',65583225114,48573864290),(388,'2951573',50030406106,41281250981),(389,'3319708',29978477511,20340635352),(390,'3712086',28530963058,12409556765),(391,'4117481',30272980706,14277047002),(392,'4543156',28088643681,13330485568),(393,'5011003',20989617110,11654701165),(394,'5521041',213225753607,28527530006),(395,'6036033',40280143187,13863819089),(396,'6599141',24339695480,23468858415),(397,'7191672',33343260256,54541250910),(398,'7187522',1966416530,10527109759),(399,'6798750',997811709,12730323668),(400,'6048249',2143909436,11177481275),(401,'5515699',3088617997,13911307886),(402,'5004571',6206186535,12388861712),(403,'4682199',8271544379,13310529036),(404,'4120065',3503496386,15178798585),(405,'3696623',3484982944,7877359939),(406,'3326448',4177748381,9607770974),(407,'2960536',10869264420,-11942172514),(408,'2591096',0,0),(409,'609',274840122420,56690249979),(410,'610',140121454519,50447813615),(411,'611',234730267545,38221115782),(412,'612',20330551519,32079408710),(413,'613',18240381311,42689193217),(414,'614',16719532866,19428977250),(415,'615',12491251655,13177455772),(416,'616',14930833009,23040656888),(417,'617',31899902020,9455601035),(418,'300',3735990000,1856051000),(419,'301',5711480000,46896000),(420,'302',36460000,1162400000),(421,'303',89000,1828606000),(422,'82',10510631060,2573140256),(423,'83',8329400117,2366552601),(424,'84',10465931624,3501326667),(425,'85',8880214176,3025018484),(426,'86',8253712854,3711219311),(427,'87',8208755945,1743619399),(428,'88',7149310944,2341251435),(429,'89',6162591428,1518339395),(430,'90',6826011652,1905311126),(431,'91',103984236000,2041271000),(432,'92',97446321,-2883609),(433,'93',85267033,4740435),(434,'94',75872881,2213003),(435,'95',60312956,699656),(436,'96',62389489,997003),(437,'97',47998073,1116772),(438,'98',49351330,1889336),(439,'99',5223302,678565),(440,'100',36110326,1697156),(441,'101',25610246,2776489),(442,'102',25610246,2776489),(443,'900',5623137730,17059649239),(444,'901',5939018444,25664641063),(445,'902',5082362847,4374099104),(446,'903',21101086953,17790219577),(447,'904',10551000241,14301598441),(448,'905',5178358906,4176292718),(449,'906',5085188020,22268952666),(450,'7199600',213941709,17121041),(451,'6610278',107015432,70869673),(452,'6036951',2236472034,1748754562),(453,'5518129',17402674881,24925949142),(454,'5017613',5692297331,10402842522),(455,'4546260',4330791786,9265804336),(456,'7201830',84107907392,4799130865),(457,'6607424',2867749226,338382638),(458,'6057726',2166658875,596670847),(459,'5527493',2508595823,1038611075),(460,'5022544',4335725292,1904292770),(461,'4630180',7346678472,836925589),(462,'7193204',4627214223,4292313682),(463,'6616246',3665624175,8102075974),(464,'6050402',3314130566,2942896863),(465,'5527785',4764639686,-5000723065),(466,'5023963',3604391569,-27756207856),(467,'4544624',3203217636,-3883896530),(468,'4214504',674369018,-1297722085),(469,'1861663',0,0),(470,'2194750',0,0),(471,'2593357',417584714000,417584714000),(472,'2967040',905446163000,273837793000),(473,'3337442',84552247,90530407),(474,'3790109',77419601,122958898),(475,'4216109',62183138,178791225),(476,'4673624',65179587,108938616),(477,'5026368',45729829,105588098),(478,'5542370',131446776,127267769),(479,'6039269',59482552,198174005),(480,'6612758',1046575063,172898673),(481,'7201801',120410840,212965818),(482,'193',16504459617,19228161596),(483,'194',11765700005,44487569081),(484,'195',8060236073,4161678554),(485,'196',41523219580,21685397086),(486,'197',56066168915,69590998261),(487,'198',8291686936,14626091882),(488,'199',40364703939,14171005258),(489,'200',6673093493,10020732755),(490,'201',1327679609,0),(491,'202',7638132399,4398890883),(492,'203',5074284824,10421184552),(493,'204',27666136108,40821415636),(494,'205',575472129,1099728722),(495,'206',469911860,916585105),(496,'207',341625979,664797661),(497,'6052691',6428876992,2101016818),(498,'6611119',14505861537,9775429799),(499,'7202425',15075131615,11264254134),(500,'4692819',14104950821,10338004695),(501,'5021863',11211241600,9924089103),(502,'5554925',15360111510,7391859002),(503,'6051743',78142570,41048971),(504,'6609311',49470280,5649189214),(505,'7197562',69374921,16847027975),(506,'217',0,0),(507,'218',0,-21888981065),(508,'219',0,0),(509,'220',9646658403,0),(510,'221',0,-570922648),(511,'222',0,-40258587608),(512,'223',0,-22870598264),(513,'224',0,-14699913439),(514,'225',39995846044,0),(515,'226',39065260919,23739756718),(516,'227',33276092379,34575486319),(517,'228',35164943741,46061034599),(518,'229',35414813323,35180318218),(519,'230',11761139965,24421652840),(520,'231',3072655453,10176662953),(521,'232',1059025777,2861120742),(522,'233',2963303884,3971215847);
/*!40000 ALTER TABLE `other` ENABLE KEYS */;
UNLOCK TABLES;

--
-- Table structure for table `state_of_financial_position`
--

DROP TABLE IF EXISTS `state_of_financial_position`;
/*!40101 SET @saved_cs_client     = @@character_set_client */;
/*!50503 SET character_set_client = utf8mb4 */;
CREATE TABLE `state_of_financial_position` (
  `dcm_no` varchar(20) NOT NULL,
  `assets_id` bigint(20) DEFAULT NULL,
  `liabilities_id` bigint(20) DEFAULT NULL,
  `capital_id` bigint(20) DEFAULT NULL,
  PRIMARY KEY (`dcm_no`),
  KEY `state_of_financial_position_assets_assets_id_fk` (`assets_id`),
  KEY `state_of_financial_position_capital_capital_id_fk` (`capital_id`),
  KEY `state_of_financial_position_liabilities_liabilities_id_fk` (`liabilities_id`),
  CONSTRAINT `state_of_financial_position_assets_assets_id_fk` FOREIGN KEY (`assets_id`) REFERENCES `assets` (`assets_id`) ON DELETE CASCADE,
  CONSTRAINT `state_of_financial_position_capital_capital_id_fk` FOREIGN KEY (`capital_id`) REFERENCES `capital` (`capital_id`) ON DELETE CASCADE,
  CONSTRAINT `state_of_financial_position_fin_state_dcm_info_dcm_no_fk` FOREIGN KEY (`dcm_no`) REFERENCES `fin_state_dcm_info` (`dcm_no`),
  CONSTRAINT `state_of_financial_position_liabilities_liabilities_id_fk` FOREIGN KEY (`liabilities_id`) REFERENCES `liabilities` (`liabilities_id`) ON DELETE CASCADE
) ENGINE=InnoDB DEFAULT CHARSET=utf8;
/*!40101 SET character_set_client = @saved_cs_client */;

--
-- Dumping data for table `state_of_financial_position`
--

LOCK TABLES `state_of_financial_position` WRITE;
/*!40000 ALTER TABLE `state_of_financial_position` DISABLE KEYS */;
INSERT INTO `state_of_financial_position` (`dcm_no`, `assets_id`, `liabilities_id`, `capital_id`) VALUES ('1',256,256,256),('10',265,265,265),('100',440,440,440),('1005499',362,362,362),('101',441,441,441),('102',442,442,442),('1023809',382,382,382),('103',196,196,196),('104',197,197,197),('1046018',335,335,335),('105',198,198,198),('106',199,199,199),('107',200,200,200),('108',201,201,201),('1087997',302,302,302),('109',202,202,202),('11',266,266,266),('110',203,203,203),('111',204,204,204),('112',205,205,205),('113',206,206,206),('118',176,176,176),('119',177,177,177),('12',267,267,267),('120',178,178,178),('121',179,179,179),('122',180,180,180),('123',181,181,181),('124',87,87,87),('124755',367,367,367),('125',88,88,88),('126',89,89,89),('127',90,90,90),('128',91,91,91),('129',92,92,92),('13',268,268,268),('130',93,93,93),('131',94,94,94),('1317428',361,361,361),('1317923',383,383,383),('1319228',301,301,301),('132',95,95,95),('133',96,96,96),('134',97,97,97),('135',98,98,98),('136',99,99,99),('137',100,100,100),('138',101,101,101),('139',102,102,102),('14',212,212,212),('140',103,103,103),('141',104,104,104),('142',105,105,105),('143',59,59,59),('144',60,60,60),('145',61,61,61),('146',62,62,62),('147',63,63,63),('148',64,64,64),('149',65,65,65),('15',213,213,213),('150',66,66,66),('151',67,67,67),('152',68,68,68),('153',69,69,69),('154',70,70,70),('155',71,71,71),('1555308',384,384,384),('156',72,72,72),('1564425',360,360,360),('157',73,73,73),('1573014',300,300,300),('158',74,74,74),('159',75,75,75),('16',214,214,214),('160',76,76,76),('161',77,77,77),('163',106,106,106),('164',107,107,107),('165',108,108,108),('166',109,109,109),('167',110,110,110),('168',111,111,111),('169',112,112,112),('17',215,215,215),('170',113,113,113),('171',114,114,114),('172',115,115,115),('172729',378,378,378),('173',116,116,116),('174',117,117,117),('175',118,118,118),('176',119,119,119),('177',120,120,120),('177433',306,306,306),('177802',339,339,339),('178',121,121,121),('179',122,122,122),('18',216,216,216),('180',123,123,123),('181',124,124,124),('182',125,125,125),('183',126,126,126),('184',78,78,78),('1849446',385,385,385),('185',79,79,79),('186',80,80,80),('1861663',469,469,469),('1862251',320,320,320),('1865008',359,359,359),('1868083',299,299,299),('187',81,81,81),('188',82,82,82),('189',83,83,83),('19',217,217,217),('190',84,84,84),('191',85,85,85),('192',86,86,86),('1927858',151,151,151),('193',482,482,482),('194',483,483,483),('195',484,484,484),('196',485,485,485),('197',486,486,486),('198',487,487,487),('199',488,488,488),('2',257,257,257),('20',218,218,218),('200',489,489,489),('201',490,490,490),('202',491,491,491),('203',492,492,492),('204',493,493,493),('205',494,494,494),('206',495,495,495),('207',496,496,496),('208',50,50,50),('209',51,51,51),('21',219,219,219),('210',52,52,52),('211',53,53,53),('212',54,54,54),('213',55,55,55),('214',56,56,56),('215',57,57,57),('216',58,58,58),('2167303',386,386,386),('217',506,506,506),('2179726',298,298,298),('218',507,507,507),('2180751',319,319,319),('2181413',138,138,138),('2184020',358,358,358),('219',508,508,508),('2194166',150,150,150),('2194750',470,470,470),('22',220,220,220),('220',509,509,509),('221',510,510,510),('222',511,511,511),('223',512,512,512),('224',513,513,513),('225',514,514,514),('226',515,515,515),('227',516,516,516),('228',517,517,517),('229',518,518,518),('23',221,221,221),('230',519,519,519),('231',520,520,520),('232',521,521,521),('233',522,522,522),('234',1,1,1),('235',2,2,2),('236',3,3,3),('237',4,4,4),('238',5,5,5),('239',6,6,6),('24',222,222,222),('240',7,7,7),('241',8,8,8),('242',9,9,9),('243',10,10,10),('244',11,11,11),('245',269,269,269),('246',233,233,233),('24699',368,368,368),('247',234,234,234),('248',235,235,235),('249',236,236,236),('25',223,223,223),('250',237,237,237),('251',238,238,238),('252',239,239,239),('253',240,240,240),('254',241,241,241),('255',242,242,242),('256',243,243,243),('257',244,244,244),('258',207,207,207),('2580537',137,137,137),('2582286',387,387,387),('2583041',297,297,297),('2589582',318,318,318),('259',208,208,208),('2591096',408,408,408),('2591702',357,357,357),('2593357',471,471,471),('2595911',149,149,149),('26',224,224,224),('260',209,209,209),('261',210,210,210),('262',211,211,211),('263',158,158,158),('264',159,159,159),('265',160,160,160),('266',161,161,161),('267',162,162,162),('268',163,163,163),('269',164,164,164),('27',225,225,225),('270',165,165,165),('271',166,166,166),('272',167,167,167),('273',168,168,168),('274',169,169,169),('275',170,170,170),('276',171,171,171),('277',172,172,172),('278',173,173,173),('279',174,174,174),('28',226,226,226),('280',175,175,175),('281',13,13,13),('281978',366,366,366),('282',14,14,14),('283',15,15,15),('284',16,16,16),('285',17,17,17),('286',18,18,18),('287',19,19,19),('288',20,20,20),('289',21,21,21),('29',227,227,227),('290',22,22,22),('291',23,23,23),('292',24,24,24),('293',25,25,25),('294',26,26,26),('295',27,27,27),('2951573',388,388,388),('2952369',296,296,296),('2958662',334,334,334),('296',28,28,28),('2960536',407,407,407),('2961248',356,356,356),('2966088',136,136,136),('2967040',472,472,472),('2967078',317,317,317),('2967198',279,279,279),('2969003',148,148,148),('297',155,155,155),('298',156,156,156),('299',157,157,157),('3',258,258,258),('30',228,228,228),('300',418,418,418),('301',419,419,419),('302',420,420,420),('303',421,421,421),('304',NULL,NULL,NULL),('305',NULL,NULL,NULL),('306',NULL,NULL,NULL),('307',182,182,182),('308',183,183,183),('309',184,184,184),('31',229,229,229),('310',185,185,185),('311',186,186,186),('312',187,187,187),('313',188,188,188),('314',189,189,189),('315',190,190,190),('316',191,191,191),('317',192,192,192),('318',193,193,193),('319',194,194,194),('32',230,230,230),('320',195,195,195),('33',231,231,231),('3319708',389,389,389),('3326448',406,406,406),('3334723',316,316,316),('3336672',278,278,278),('3337442',473,473,473),('3337491',135,135,135),('3337958',355,355,355),('3338768',295,295,295),('3369106',NULL,NULL,NULL),('34',232,232,232),('343986',379,379,379),('346361',305,305,305),('3475812',147,147,147),('3696623',405,405,405),('3697001',354,354,354),('37',245,245,245),('3703838',294,294,294),('3710763',277,277,277),('3711091',315,315,315),('3712086',390,390,390),('373025',338,338,338),('3763765',134,134,134),('37746',377,377,377),('3777491',146,146,146),('3788045',333,333,333),('3790109',474,474,474),('38',246,246,246),('39',247,247,247),('4',259,259,259),('40',248,248,248),('41',249,249,249),('4115599',276,276,276),('4116412',293,293,293),('4117436',133,133,133),('4117481',391,391,391),('4120065',404,404,404),('4120494',145,145,145),('42',250,250,250),('4214504',468,468,468),('4216109',475,475,475),('4229523',332,332,332),('4231029',353,353,353),('4231437',314,314,314),('43',251,251,251),('44',252,252,252),('45',253,253,253),('4543156',392,392,392),('4544624',467,467,467),('4546260',455,455,455),('4549292',352,352,352),('4552281',331,331,331),('4560241',275,275,275),('4564108',132,132,132),('46',254,254,254),('4630180',461,461,461),('4669554',292,292,292),('4673624',476,476,476),('4675835',144,144,144),('4682199',403,403,403),('4692159',313,313,313),('4692819',500,500,500),('47',255,255,255),('48478',307,307,307),('490494',365,365,365),('5',260,260,260),('5004571',402,402,402),('5011003',393,393,393),('5012906',351,351,351),('5017613',454,454,454),('5017900',274,274,274),('5019278',291,291,291),('5020982',131,131,131),('5021306',330,330,330),('5021863',501,501,501),('5022544',460,460,460),('5023963',466,466,466),('5026368',477,477,477),('5102576',143,143,143),('5515699',401,401,401),('5518129',453,453,453),('5521041',394,394,394),('5524024',350,350,350),('5527493',459,459,459),('5527785',465,465,465),('5535520',142,142,142),('5536720',130,130,130),('5541087',273,273,273),('5541905',329,329,329),('5542370',478,478,478),('5542885',290,290,290),('5554925',502,502,502),('560901',380,380,380),('561597',304,304,304),('5781007',312,312,312),('5781024',311,311,311),('579242',337,337,337),('6',261,261,261),('60',29,29,29),('600',152,152,152),('601',153,153,153),('602',154,154,154),('603',12,12,12),('6035351',129,129,129),('6036033',395,395,395),('6036390',289,289,289),('6036951',452,452,452),('6039269',479,479,479),('6039604',328,328,328),('604',321,321,321),('6048249',400,400,400),('605',322,322,322),('6050402',464,464,464),('6051743',503,503,503),('6052691',497,497,497),('6055609',310,310,310),('6057726',458,458,458),('606',323,323,323),('607',324,324,324),('608',325,325,325),('609',409,409,409),('61',30,30,30),('610',410,410,410),('6102778',349,349,349),('611',411,411,411),('6117728',141,141,141),('612',412,412,412),('613',413,413,413),('614',414,414,414),('615',415,415,415),('616',416,416,416),('617',417,417,417),('619',280,280,280),('62',31,31,31),('620',281,281,281),('621',282,282,282),('622',283,283,283),('623',284,284,284),('624',285,285,285),('625',286,286,286),('626',369,369,369),('627',370,370,370),('628',371,371,371),('629',372,372,372),('63',32,32,32),('630',373,373,373),('631',374,374,374),('632',375,375,375),('633',376,376,376),('634',340,340,340),('635',341,341,341),('636',342,342,342),('637',345,345,345),('638',346,346,346),('64',33,33,33),('65',34,34,34),('6580893',140,140,140),('6583853',327,327,327),('6599141',396,396,396),('66',35,35,35),('6602305',348,348,348),('6607424',457,457,457),('6609311',504,504,504),('6610278',451,451,451),('6611119',498,498,498),('6612758',480,480,480),('6614426',128,128,128),('6616246',463,463,463),('6618059',288,288,288),('67',36,36,36),('6787549',271,271,271),('6787622',272,272,272),('6798750',399,399,399),('68',37,37,37),('6824685',309,309,309),('6840042',343,343,343),('69',38,38,38),('7',262,262,262),('70',39,39,39),('71',40,40,40),('7187522',398,398,398),('7191348',347,347,347),('7191672',397,397,397),('7193204',462,462,462),('7197562',505,505,505),('7199600',450,450,450),('72',41,41,41),('7200029',127,127,127),('7201801',481,481,481),('7201830',456,456,456),('7202425',499,499,499),('7203148',270,270,270),('7203854',139,139,139),('7206752',326,326,326),('7207050',344,344,344),('7207496',308,308,308),('7207697',287,287,287),('73',42,42,42),('734347',364,364,364),('74',43,43,43),('75',44,44,44),('76',45,45,45),('77',46,46,46),('78',47,47,47),('79',48,48,48),('799313',381,381,381),('8',263,263,263),('80',49,49,49),('809637',336,336,336),('82',422,422,422),('83',423,423,423),('84',424,424,424),('85',425,425,425),('853220',303,303,303),('86',426,426,426),('87',427,427,427),('88',428,428,428),('89',429,429,429),('9',264,264,264),('90',430,430,430),('900',443,443,443),('901',444,444,444),('902',445,445,445),('903',446,446,446),('904',447,447,447),('905',448,448,448),('906',449,449,449),('91',431,431,431),('92',432,432,432),('93',433,433,433),('94',434,434,434),('95',435,435,435),('96',436,436,436),('967854',363,363,363),('97',437,437,437),('98',438,438,438),('99',439,439,439);
/*!40000 ALTER TABLE `state_of_financial_position` ENABLE KEYS */;
UNLOCK TABLES;
/*!40103 SET TIME_ZONE=@OLD_TIME_ZONE */;

/*!40101 SET SQL_MODE=@OLD_SQL_MODE */;
/*!40014 SET FOREIGN_KEY_CHECKS=@OLD_FOREIGN_KEY_CHECKS */;
/*!40014 SET UNIQUE_CHECKS=@OLD_UNIQUE_CHECKS */;
/*!40101 SET CHARACTER_SET_CLIENT=@OLD_CHARACTER_SET_CLIENT */;
/*!40101 SET CHARACTER_SET_RESULTS=@OLD_CHARACTER_SET_RESULTS */;
/*!40101 SET COLLATION_CONNECTION=@OLD_COLLATION_CONNECTION */;
/*!40111 SET SQL_NOTES=@OLD_SQL_NOTES */;

-- Dump completed on 2020-06-10 20:08:33
